prompt,completion,split
"<|im_start|>user
<U> Q. 2번 문항에서 인공신경망에 대해 좀 더 자세히 말해볼래요? <S> A. 음.. 인공신경망이란 입력 값을 받고 이것에 가중치를 곱해서 다 더한 값이 1보다 작을 땐,.. 아 가장 간단한 예시로 단층 퍼셉트론에서는 출력값이 0또는 1이 나와야 하는데 이 합을 활성화함수를 거쳐 1보다 작으면 0으로 출력하고 그렇지 않으면 1로 출력한다는 점에서 뉴런과 유사하다고 생각했고.. 실제로도 그렇다고 생각합니다..(엄청 횡설수설함) <U> Q. 학교에서 어떤 인공신경망 공부해봤어요? 뭐 해봤어요? (이런 느낌의 질문이었는데 잘 기억안남.) <S> A. 저는 학교에서 인공지능을 통한 사용자 메시지 속 감정 분석을 하기 위해 RNN을 사용했던 적이 있습니다. RNN이란 이전의 계산값이 출력값에 영향을 미쳐 텍스트의 흐름이나 전체적인 문맥을 파악하는데 쓰이는 것입니다. (뭐라 더 했던 것 같은데 기억이 안남) <U> Q. 그럼 학생이 그 RNN을 구현할 때 무슨 역할을 하셨나요? <S> A. 아, 사실 이것이 인공지능만 구현한 것이 아니라 앱을 구현하는 프로젝트였는데요, 저는 그 중에서도 장고를 이용해 웹 서버를 구현하고 나머지 개발을 보조?하는 서브 개발자를 맡아서 친구와 함께 개발했었습니다. <U> Q. 아 그럼 장고로 웹서버 구현하고 인공신경망의 일부를 도와서 개발했다는 거죠? <S> A. 아 네! 맞습니다. <U> Q. 2학년 2학기에 수학 성적이 많이 낮은데.. 혹시 이것 때문인가요? <S> A. 네..ㅎㅎㅎ 아무래도 그게 영향을 미쳤던 것 같습니다. <U> Q. (뭐라 질문하셨는지 기억이 안남) <S> <|im_end|><|im_start|>assistant
",A. (무슨 답을 하다가 말이 나왔는지 모르겠는데) 아무래도 열심히 공부하고 많이 찾아보면서 구현했지만 부족한 점이 많다보니 인공지능 성능이 안 좋았던 것이 아쉽습니다.<|im_end|>,train
"<|im_start|>user
<U> 면 : 1차 꼬리질문 / 법학을 공부하고 싶다고 하셨는데, 그 중에서도 특히 어떤 법을 공부하고 싶어요? <S> 나 : (자소서에 인권이 저를 움직이는 코어라고 썼던 부분을 언급하고, 인권 관련한 활동 했던 부분도 언급하며 인권 관련된 법을 나열하고 이 법들을 공부하고 싶다고 답변) <U> 면 : 2차 꼬리질문  / 인권이라고 하셨는데, 인권이 종류가 많잖아요. 그 중에서 어떤 인권에 대해 공부하고 싶다던가 흥미가 있어요? <S> <|im_end|><|im_start|>assistant
","나 : (약간 당황) 청소년 참여에 관련해서 했던 활동들을 기반으로, 인권 중에서 참여권에 대해서 관심이 있다고 답변.<|im_end|>",train
"<|im_start|>user
<U> 면접관:그럼 그 꿈을 이루기 위해 했던 활동 중 기억에 남는거 있나요? <S> 기억남는거 하나를 꼽자면 과제연구를 꼽고 싶습니다. 실제로 저희 학..(말꼬임) 아 주제부터 말씀 드리면 ‘아두이노를 이용한 자동방향시스템 구축’을 주제로 했습니다. 저희 학교 화장실에 악취문제가 종종 있었고 실제 친구들이 이에 대한 불만을 자주 표출했었습니다. 저는 이를 인지했고 이를 해결하기 위한 수단으로 아두이노를 선택해 프로그래밍을 통해 실생활의 문제를 해결해 프로그래머가 느끼는 성취감을 경험해볼 수 있었습니다. <U> 면접관: 아 실제로 장치를 달았어요? <S> 네 며칠간 시연했습니다. <U> 면접관: 어려운점은 없었나요? <S> 어려운점 있었습니다. 과제연구를 할 당시에 1학년이여서 아두이노가 처음이였습니다. 그래서 중간에 오류가 발생하면 이게 회로가 문제인지 센서가 잘못됐는지 아니면 코드가 잘못됐는지 알 수 없어서 일차원적으로 하나하나 다 해보았습니다. 그러다가 한계를 느꺄서 근본적인 실력을 기르고자 책도 구입해서 독학을 하고 아두이노에 대해 가르치는 동아리에도 가입해 친구들과 함께 아두이노를 학습했습니다. 이렇게 근본적인 실력을 기르고나니 보다 체계적으로 문제를 대할 수 있었고 편하게 문제를 처리할 수 있었습니다. <U> 면접관: 본인이 생각히기에 고등학교 교육과정에서 컴퓨터학과에 중요한 과목은 무엇이라 생각하나요? <S> <|im_end|><|im_start|>assistant
",저는 우선 컴퓨터학과에서 논리가 중요하다 생각합니다.     면접관: 아니아니 고등학교 교육과정에서 중요한 과목이요  (끄덕끄덕) 그래서 이 논리의 하문인 수학이 중요하다 생각합니다     면접관:(머쓱ㅋ)조금 더 구체적을 말해주세요  수학에서 개념이 확장될 때 연역이나 귀납을 이용해 논리적으로 개념을 확장해나갑니다. 이런 부분에 주목해서 공부하면 논리를 기를 수 있다 생각합니다.<|im_end|>,train
"<|im_start|>user
<U> 옆 친구: 아까 받은 가번호 스티커, 너도 봉투에 붙였어? <S> 나: 나는 관리위원 분이 봉투에 붙여서 주셨어. 옷에 붙이는 건 아직 안 받았어. <U> 너 스포츠과학전공이야? 가번호 1번? <S> 옆 친구: 응.(끄덕끄덕)  이 대화에서 알 수 있는 건 ‘공공사회학전공’,‘스포츠과학전공’,‘스포츠비즈니스전공’이  모두 한 대기실에서 대기중이었음. 그리고 가번호가 주어지는데 그 가번호를 휴대폰 내는  봉투와 옷에 붙여야 함. 2개가 필요함. 세 전공마다 한 분씩 관리위원이 계셨는데  스포츠과학전공 관리위원분은 가번호가 옷에서 잘 떨어진다고 늦게 배부해주심.  관리위원마다 가번호 나눠주는 타이밍이 다르니까 불안해하지 않아도 됨.  그리고 필요한 거나 궁금한 거 있으면 다 물어보고 확인하기 바람. 괜히 무서워서  안 물어봤다가 모르는 것보다 나음. 애들 대부분 불안해서 이것저것 여쭤보는 분위기였음.  화장실은 자유롭게 왔다갔다 가능했음. 그리고 대기시간 중간에 수험생 유의사항 말씀해주심.  그때 잘 들어야 하는 것도 있으니까 연습한다고 무시하지 말고 잘 듣기. 휴대폰을 포함한  전자기기 소지 일체 안 되고, 모두 관리위원에게 제출. 대기실에서는 자신이 준비해온  종이 형태의 준비물만 보면서 연습할 수 있음. 대기실 입실마감은 9시였으나  실제 면접 시작시간은 9시 30분부터였음. 가번호 1번부터 불려가고 스포츠과학전공같은 경우  다음 번호까지 불려가서 면접장 앞에서 대기함. 나는 가번호 3번이었고, 가번호 1, 2번이었던  친구가 먼저 불려감. 한 15분 후, 9시 45분에 나랑 가번호 4번 부름.  → 면접장 앞 대기: 나랑 가번호 4번 친구는 앉아서 대기. 면접은 중간에 텀없이 한 명 나오면  바로 다음 사람 들어가는 방식이었음. 관리위원 분이 그때 면접장 앞 의자 있는 곳에 계셨는데  몇 마디 얘기 나눔. (필요 없는 대화는 빼고 중요한 대화만 썼음)  관리위원: 들어가면 ‘안녕하십니까, 가번호 몇 번, 누구누구입니다’라고 얘기하면 돼요.  나, 가번호 4번: 이름 얘기해도 돼요? 블라인드 면접이라고 알고 있었는데.  관리위원: (규정 읽어보시고 나한테 보여주시면서) 여기 면접위원에게 가번호, 성명 확인해야  한다고 나와있어요. 이름 얘기해도 돼요. (이때 다른 관리위원에게도 확인해주심)  나: 아, 알겠습니다.  (이 얘기 끝나고 몇 번 목 풀고 나니까 바로 들어오라 그랬음.)  ​  ​  3. 시험 문제 복원 + 나의 답변  → 면접: 면접은 예상했던 것과 달리 비대면으로 진행됐음. 태블릿PC가 놓여져 있었고,  면접장에서 혼자 얘기하는 방식. 관리위원 분께서 같이 들어오셔서 안내해주시고 나감.  나: 안녕하십니까, 가번호 3번, 000입니다. (나는 블라인드 면접 아니어서 이름 말한 거고,  블라인드 면접같은 경우 이름, 출신학교 등 말하면 큰 불이익 받음.)  면접위원1: 네~ 반갑습니다.  나: 네, 반갑습니다! <U> 면접위원1: 우선 2분 동안 지원동기를 포함해서 자기소개 한 번 해볼까요? <S> 나: (준비한 자기소개 함)  면접위원2: 학생 자기소개서를 보니까 일찌감치 헬스 케어 컨설턴트라는 꿈을 가진 것 같은데,  그 분야에 대해서 많은 걸 찾아봤을 것 같아요. 현재 개발되어 있는 다양한 플랫폼과 자신이 <U> 만들고 싶은 플랫폼에 차이가 있다면 어떤 걸까요? <S> 나: (현재 우리나라 플랫폼에 대해 얘기한 후 그와 차별화된 나의 비전을 말함) <U> 면접위원1: 혹시 사회적 약자를 위해서 했던 활동들이 있을까요? <S> 나: (봉사활동 중에 소외된 세계어린이를 위해 한 활동 얘기함) <U> 면접위원3: 개인의 이익과 사회의 이익 중에 어떤 것이 더 중요하다고 생각하세요? <S> 나: (고려대 이념은 ‘공선사후’기 때문에 사회의 이익이 더 중요하다고 답함) <U> 면접위원3: 그렇게 되면, 개인이 침해당하는 경우가 생기지 않을까요? <S> <|im_end|><|im_start|>assistant
","나: (개인의 권리가 침해당하지 않는 선에서 사회의 이익이 중요하다고 답함)  면접위원2: 자기소개서에 보면 피클볼 경기를 진행할 때 심한 무릎 통증이 있었던 것 같은데,<|im_end|>",train
"<|im_start|>user
<U> ㅁ: 네~ 앉으세요. 오래 기다리셨죠? <S> ㄴ: ㅎㅎ 아닙니다~  ㅁ: 바로 시작할게요. 1번부터 쭉 차례대로 설명해 주세요~ <U> ㄴ: 세 질문 모두 이어서 하나요? <S> ㅁ: 넵     이 뒤에 면접관님들이 따로 시간이 얼마나 남았는지는 안 알려 주셨어요 그냥 제 감대로 했습니다... 참고로 시계 반입 금지였어요!     1번: (가)와 (나) 지문을 요약한 뒤에 (가) 입장에서 (나)를 비판했습니당 초연결시대에도 분명 장점이 있지만 그로 인해 여러 단점도 나타날 수 있다! 를 주장으로 했고 예시로는 사생활 침해의 가능성과 무생물간의 정보 창출 과정에서 인간의 직관으로 이해할 수 없는 결론이 도출될 수 있다는 것을 들었습니다! 교수님들께서 미소지으며 끄덕끄덕 해주셨어욥     2번: (다)를 먼저 요약하구, 비슷한 사례로 유전자 조작 문제를 들었어요 준비를 많이 안 하고 들어가서 최대한 교과 과정에서 배운 것 중에 공통점이 있는 걸 찾을 수밖에 없었습니다 여러분들은 꼭 여러 사례 많이 찾아보고 가세요! 저는 시민들의 반발 때문에 국가가 나서서 신기술을 규제하고, 따라서 신기술을 현실에 적용할 수 없다는 점에서 공통점을 찾았어요 그래서 이에 대한 궁극적인 해결책은 시민들의 반발 감소라고 생각했고 반발을 줄이기 위해서는 인간존엄성에 대한 인식이 바뀌면 된다고 말했습니다 따라서 사회적 담론을 활성화시켜 유전자 조작으로 탄생한 인간은 존엄성을 침해당하지 않았다는 사회적 인식이 생기면 된다고 했어요 참고로 이때 교수님들 엄청 생각하는 표정이셨고 개인적으로도 진짜 별로인 답변이라고 생각해요 하지만 당당하고 논리적인 척하면서 말하니까 들어는 주시더라구요.. ㅎㅎ     3번: (라) 표를 먼저 분석했어요 종합적인 나라 순위와 가장 상관관계가 드러나는 항목이 두 가지가 있다고 말했고 따라서 4차산업혁명에서 발전하려면 이 두 항목에서 (아마 노동유연성이랑 사회간접자본이었던 걸로 기억해여) 좋은 점수를 받아야 한다고 했습니다 그러기 위해선 두 항목을 향상시키기 위해 기업적 측면과 국가적 측면의 노력이 있을 수 있다고 하면서 각각 총 4가지 방안을 제시했어요 이 답변이 반응 가장 좋았어요 면접관님 두분 다 밝게 미소지으시며 끄덕이시더라구오 <U> ㄴ: 하하 그런가요? <S> 제가 긴장하면 말이 빨라져서 그랬나 봐요 이때부터 말 속도 신경썼습니다 <U> ㅁ: 이제 학생부 면접 들어갈게요~ 학생이 교육학과에서 가져야 할 요소 두 가지를 말해 주시겠어요? <S> ㄴ: 네! 저는 먼저 열린 마음이 가장 필요하다고 생각합니다. 교육은 학생의 마음을 이해하고 학생의 입장에서 생각해야 하는 학문이기 때문입니다. 사회가 빠르게 변화함에 따라 학생들은 더 빠르게 변화합니다. 따라서 교육학과의 학생들은 변화하는 학생들을 받아들이고 그들을 이해하기 위한 오픈 마인드를 가져야 한다고 생각합니다. 다음으로는 수학, 과학에 대한 관심입니다. 교육학과의 수업을 들으며 표를 분석하고, 실험하고 통계를 다뤄야 하는 경우가 많을 거라 생각합니다. 이때 수학을 싫어하는 학생이라면 통계를 내고 하는 과정에서 거부감을 느낄 가능성이 큽니다. 따라서 이런 능력 역시 교육학과 학생에게 중요하다고 생각합니다.     ㅁ: 그렇다면 학생은 이런 능력을 갖고 있나요? 있다면 예시를 들어 주세요.  ㄴ: (약간 뜸들임) 네! 저는 열린 마음을 갖고 있습니다. 실제로~~ (생윤 발표 때 타인의 입장을 이해했던 경험) <U> ㄴ: 어... 잠시 생각할 시간을 가져도 되겠습니까? <S> ㅁ: 네~ 자소서에 있는 경험도 괜찮아요 <U> ㄴ: 넵! 혹시 아까와 같은 능력에 대한 예시도 괜찮습니까? <S> <|im_end|><|im_start|>assistant
","ㅁ:네  ㄴ: 저는 ~라는 경험이 있습니다. (대충 교육봉사 가서 신입부원들 입장 이해한 얘기)     말하는 중간에 면접관 님이 시간 다 됐다고 자르셨어요  ㄴ: 감사합니다! 안녕히 계십시오           04    수기 및 후배들에게 하고 싶은 말   - 저는 생기부 면접 후반부랑 제시문 2번을 개말아먹었습니다,, (개인적인 의견이에요)  하지만 붙은 데에는 이유가 있다고 생각해요 먼저 3번처럼 표 문제가 나오면 이 표가 하고 싶은 말이 뭔지 꼭 생각해 보셨으면 해요 요소들과 결론이 어떤 관계에 있는지 생각해 보세요!  그리구 말이 웃긴 거 같아도 일단 당당하고 논리정연하게 말하세요 저는 그 부분에서 점수를 받았다구 생각해요 그리고 진짜 시사!!  많이 찾아보고 가세요 저는 면접에 따로 돈을 안 들여서 학교 선생님과 친구랑만 준비했거든요 그래서 시사를 따로 챙겨 공부하지 않았는데 그 부분에서 약간 후회햇습니다 ㅠㅠ 적어도 교과 시간에 선생님들이 흘리는 시사나 문제점 얘기에 대해 한번쯤 생각해 보시면 좋을 것 같아요 교과서에 있는 더보기 예시도 좋고요!  그리고 이게 가장 하고 싶은 말인데... !!! 어떤 질문이 나와도 돌려막을 수 있는 경험 세 개만 생각해 가세요 !!! 저는 이걸 안 해 갔고 버벅댔습니다... 진로와 관련된, 엮을 거 많은 경험 확실히 챙겨 가세요 고대 생기부 면접은 시간이 짧기 때문에 짧고 굵게 물어봅니다 이것만 잘 챙기셔도 생기부 면접은 반 이상 준비된 거라 생각해용  저는 성적도 합격 70%선에 들지 않았고 생기부도 겨우 19장이었어요 애초에 1차도 기대 안 했었습니다... ㅋㅋㅋ 그럼에도 불구하고 붙은 데에는 무엇보다 자소서와 면접에서 보인 진정성이 큰 것 같아요 자기 진로에 대해 꾸준히 고민하고 그 진로로 어떻게 하면 다가갈 수 있을지 꾸준히 생각하다 보면 저절로 내가 이 과에서 꼭 이 전공을 살려 나라를 성장시키고 싶다! 이런 아우라가 뿜어져 나올 거예욥 주변에서 아무도 기대 안 했던 저도 고대 붙었습니다 ㅠ 여러분들도 다 될 거예요 조금만 더 파이팅하시고 본인을 믿으세요 s2                    면접과 논술을 보고와서 수만휘에 정성스러운 후기를 남기면  합격 가능성이 1%씩 올라간다는 훈훈한 전설이 매해 내려오고 있는 면접, 논술 게시판입니다.  남겨주시는 후기들은 다음 해 후배들에게 더할 나위없이 귀한 자료가 되어  도움을 주는 만큼  이 훈훈한 전설이 계속 이어져 내려갔으면 합니다.     이번 입시 그리고 대학생활의 행운을 빕니다!         ================================    [필독] 비매너회원과 다투지 마시고, 게시판 중 가장 첫번째에 있는 '신고게시판'에 올려주시면 강퇴처리해 드립니다.<|im_end|>",train
"<|im_start|>user
<U> 입사관: 추가적으로 더 하실 말씀 없으신가요? <S> 나: 네 없습니다. (직감적으로 뭔가 놓쳤음을 깨달았지만 더 찾아서 말할 자신이 없었음 하ㅏ)    입사관: 네 알겠습니다. 다음으로 생기부 질문을 좀 할게요    ㅡㅡㅡㅡㅡㅡ헛소리 주의ㅡㅡㅡㅡㅡ <U> 교수: 전공과 관련하여 학교 생활중 가장 기억에 남는 활동 말해볼래요? <S> <|im_end|><|im_start|>assistant
","나: 저는 고등학교2학년 윤리와 사상 시간에 조장을 맡아  '결정론과 자유론'을 가지고 조별토론 한것이 가장 기억에 남습니다. 그 이유는 토론을 하기 전까지 막연히 세상은 자유의지로 이루어져있다고 생각했는데, 결정론에 옹호하는 입장에서 참여함으로써 자료조사를 하였고, 결정론의 근거가 굉장히 새롭게 다가왔습니다. 토론을 마친 후 오히려 저는 자유론과 결정론이 이분법적이기보다는 양릭할수있지 않을까에 대한 고민을 하였고, 철학과에 진학해서도 이에 대해 더 자세히 탐구해보고싶습니다.<|im_end|>",train
"<|im_start|>user
<U> ㅁ: 네~ 앉으세요. 오래 기다리셨죠? <S> ㄴ: ㅎㅎ 아닙니다~  ㅁ: 바로 시작할게요. 1번부터 쭉 차례대로 설명해 주세요~ <U> ㄴ: 세 질문 모두 이어서 하나요? <S> ㅁ: 넵     이 뒤에 면접관님들이 따로 시간이 얼마나 남았는지는 안 알려 주셨어요 그냥 제 감대로 했습니다... 참고로 시계 반입 금지였어요!     1번: (가)와 (나) 지문을 요약한 뒤에 (가) 입장에서 (나)를 비판했습니당 초연결시대에도 분명 장점이 있지만 그로 인해 여러 단점도 나타날 수 있다! 를 주장으로 했고 예시로는 사생활 침해의 가능성과 무생물간의 정보 창출 과정에서 인간의 직관으로 이해할 수 없는 결론이 도출될 수 있다는 것을 들었습니다! 교수님들께서 미소지으며 끄덕끄덕 해주셨어욥     2번: (다)를 먼저 요약하구, 비슷한 사례로 유전자 조작 문제를 들었어요 준비를 많이 안 하고 들어가서 최대한 교과 과정에서 배운 것 중에 공통점이 있는 걸 찾을 수밖에 없었습니다 여러분들은 꼭 여러 사례 많이 찾아보고 가세요! 저는 시민들의 반발 때문에 국가가 나서서 신기술을 규제하고, 따라서 신기술을 현실에 적용할 수 없다는 점에서 공통점을 찾았어요 그래서 이에 대한 궁극적인 해결책은 시민들의 반발 감소라고 생각했고 반발을 줄이기 위해서는 인간존엄성에 대한 인식이 바뀌면 된다고 말했습니다 따라서 사회적 담론을 활성화시켜 유전자 조작으로 탄생한 인간은 존엄성을 침해당하지 않았다는 사회적 인식이 생기면 된다고 했어요 참고로 이때 교수님들 엄청 생각하는 표정이셨고 개인적으로도 진짜 별로인 답변이라고 생각해요 하지만 당당하고 논리적인 척하면서 말하니까 들어는 주시더라구요.. ㅎㅎ     3번: (라) 표를 먼저 분석했어요 종합적인 나라 순위와 가장 상관관계가 드러나는 항목이 두 가지가 있다고 말했고 따라서 4차산업혁명에서 발전하려면 이 두 항목에서 (아마 노동유연성이랑 사회간접자본이었던 걸로 기억해여) 좋은 점수를 받아야 한다고 했습니다 그러기 위해선 두 항목을 향상시키기 위해 기업적 측면과 국가적 측면의 노력이 있을 수 있다고 하면서 각각 총 4가지 방안을 제시했어요 이 답변이 반응 가장 좋았어요 면접관님 두분 다 밝게 미소지으시며 끄덕이시더라구오 <U> ㄴ: 하하 그런가요? <S> 제가 긴장하면 말이 빨라져서 그랬나 봐요 이때부터 말 속도 신경썼습니다 <U> ㅁ: 이제 학생부 면접 들어갈게요~ 학생이 교육학과에서 가져야 할 요소 두 가지를 말해 주시겠어요? <S> <|im_end|><|im_start|>assistant
","ㄴ: 네! 저는 먼저 열린 마음이 가장 필요하다고 생각합니다. 교육은 학생의 마음을 이해하고 학생의 입장에서 생각해야 하는 학문이기 때문입니다. 사회가 빠르게 변화함에 따라 학생들은 더 빠르게 변화합니다. 따라서 교육학과의 학생들은 변화하는 학생들을 받아들이고 그들을 이해하기 위한 오픈 마인드를 가져야 한다고 생각합니다. 다음으로는 수학, 과학에 대한 관심입니다. 교육학과의 수업을 들으며 표를 분석하고, 실험하고 통계를 다뤄야 하는 경우가 많을 거라 생각합니다. 이때 수학을 싫어하는 학생이라면 통계를 내고 하는 과정에서 거부감을 느낄 가능성이 큽니다. 따라서 이런 능력 역시 교육학과 학생에게 중요하다고 생각합니다.     ㅁ: 그렇다면 학생은 이런 능력을 갖고 있나요? 있다면 예시를 들어 주세요.  ㄴ: (약간 뜸들임) 네! 저는 열린 마음을 갖고 있습니다. 실제로~~ (생윤 발표 때 타인의 입장을 이해했던 경험)<|im_end|>",train
"<|im_start|>user
<U> 옆 친구: 아까 받은 가번호 스티커, 너도 봉투에 붙였어? <S> 나: 나는 관리위원 분이 봉투에 붙여서 주셨어. 옷에 붙이는 건 아직 안 받았어. <U> 너 스포츠과학전공이야? 가번호 1번? <S> 옆 친구: 응.(끄덕끄덕)  이 대화에서 알 수 있는 건 ‘공공사회학전공’,‘스포츠과학전공’,‘스포츠비즈니스전공’이  모두 한 대기실에서 대기중이었음. 그리고 가번호가 주어지는데 그 가번호를 휴대폰 내는  봉투와 옷에 붙여야 함. 2개가 필요함. 세 전공마다 한 분씩 관리위원이 계셨는데  스포츠과학전공 관리위원분은 가번호가 옷에서 잘 떨어진다고 늦게 배부해주심.  관리위원마다 가번호 나눠주는 타이밍이 다르니까 불안해하지 않아도 됨.  그리고 필요한 거나 궁금한 거 있으면 다 물어보고 확인하기 바람. 괜히 무서워서  안 물어봤다가 모르는 것보다 나음. 애들 대부분 불안해서 이것저것 여쭤보는 분위기였음.  화장실은 자유롭게 왔다갔다 가능했음. 그리고 대기시간 중간에 수험생 유의사항 말씀해주심.  그때 잘 들어야 하는 것도 있으니까 연습한다고 무시하지 말고 잘 듣기. 휴대폰을 포함한  전자기기 소지 일체 안 되고, 모두 관리위원에게 제출. 대기실에서는 자신이 준비해온  종이 형태의 준비물만 보면서 연습할 수 있음. 대기실 입실마감은 9시였으나  실제 면접 시작시간은 9시 30분부터였음. 가번호 1번부터 불려가고 스포츠과학전공같은 경우  다음 번호까지 불려가서 면접장 앞에서 대기함. 나는 가번호 3번이었고, 가번호 1, 2번이었던  친구가 먼저 불려감. 한 15분 후, 9시 45분에 나랑 가번호 4번 부름.  → 면접장 앞 대기: 나랑 가번호 4번 친구는 앉아서 대기. 면접은 중간에 텀없이 한 명 나오면  바로 다음 사람 들어가는 방식이었음. 관리위원 분이 그때 면접장 앞 의자 있는 곳에 계셨는데  몇 마디 얘기 나눔. (필요 없는 대화는 빼고 중요한 대화만 썼음)  관리위원: 들어가면 ‘안녕하십니까, 가번호 몇 번, 누구누구입니다’라고 얘기하면 돼요.  나, 가번호 4번: 이름 얘기해도 돼요? 블라인드 면접이라고 알고 있었는데.  관리위원: (규정 읽어보시고 나한테 보여주시면서) 여기 면접위원에게 가번호, 성명 확인해야  한다고 나와있어요. 이름 얘기해도 돼요. (이때 다른 관리위원에게도 확인해주심)  나: 아, 알겠습니다.  (이 얘기 끝나고 몇 번 목 풀고 나니까 바로 들어오라 그랬음.)  ​  ​  3. 시험 문제 복원 + 나의 답변  → 면접: 면접은 예상했던 것과 달리 비대면으로 진행됐음. 태블릿PC가 놓여져 있었고,  면접장에서 혼자 얘기하는 방식. 관리위원 분께서 같이 들어오셔서 안내해주시고 나감.  나: 안녕하십니까, 가번호 3번, 000입니다. (나는 블라인드 면접 아니어서 이름 말한 거고,  블라인드 면접같은 경우 이름, 출신학교 등 말하면 큰 불이익 받음.)  면접위원1: 네~ 반갑습니다.  나: 네, 반갑습니다! <U> 면접위원1: 우선 2분 동안 지원동기를 포함해서 자기소개 한 번 해볼까요? <S> 나: (준비한 자기소개 함)  면접위원2: 학생 자기소개서를 보니까 일찌감치 헬스 케어 컨설턴트라는 꿈을 가진 것 같은데,  그 분야에 대해서 많은 걸 찾아봤을 것 같아요. 현재 개발되어 있는 다양한 플랫폼과 자신이 <U> 만들고 싶은 플랫폼에 차이가 있다면 어떤 걸까요? <S> 나: (현재 우리나라 플랫폼에 대해 얘기한 후 그와 차별화된 나의 비전을 말함) <U> 면접위원1: 혹시 사회적 약자를 위해서 했던 활동들이 있을까요? <S> <|im_end|><|im_start|>assistant
",나: (봉사활동 중에 소외된 세계어린이를 위해 한 활동 얘기함)<|im_end|>,train
"<|im_start|>user
<U> (2) 준비실 : 명칭이 정확한지는 잘 모르겠습니다. 고사실(면접실)로 들어가기 전 미리 지문을 보고 답안을 준비하는 시간입니다. 이 때는 모든 조가 다 모여서 한 곳에서 시험봅니다. 1조부터 끝조까지 동시에 14분이라는 시간동안 제시문을  보고 답변을 준비합니다. 물론 과가 다르니 문제도 다르겠죠? <S> (3) 고사실 : 두 분이 앉아계셨고 인상이 참 좋은 분들이었습니다. 친절히 설명해 주시고 편하게 이야기하는 듯 한 느낌이 들었습니다. 제시문 답변 3~4분 정도로 진행하고 서류기반 질문 받으면 됩니다.      03  시험 문제 복원 + 나의 답변     면접과 논술 시간에 있었던 이야기를 잘 적어주세요.  무엇을 물어보았는지, 그리고 그에 대한 나의 답변은 무엇인지 등을 적어주시면 됩니다.     <제시문> - 기억나는 포인트만 짚어서 씁니다.     (가) 비누는 친수성 부분과 소수성 부분으로 이루어져 있다. 물과 친한 친수성부분, 기름과 친한 소수성 부분이 각각 물과 때와 결합한다. 옷감에 있는 때에 결합하여 'OOO'을 형성한다.  (나) 아미노산은 탄소 원자를 중심에 두고 아미노기, 카복시기, 수소 또는 아세틸기(?)와 결합한 구조이다. 아미노산을 액체에 담그면 용액의 액성에 따라 다른 반응을 일으킨다. 산성 용액에 담글 경우 ~, 염기성 용액에 담글 경우 ~. 물에 담글 경우 ~.(각 용액의 액성에 따라 어떤 작용기가 어떤 화학 반응을 일으키는지에 대한 설명이 있었습니다.)  (다) 석탄, 석유와 같은 화석연료의 사용으로 산업화를 이룩할 수 있었으나 지구 온난화, 오존층 파괴, 백내장과 같은 질병 유발이라는 결과를 가져오기도 했다.  (라) 플랑크의 광양자설. E=hf로 전자의 에너지 준위는 불연속적이다.(아무튼 광양자설 얘기)     <문항>  1. 제시문 (가)~(다)에서 공통적으로 연관된 개념을 찾고, 이유를 설명하시오.  2. 1번 문항에 대한 답변을 참고하여 (가)~(다)와 (라)를 비교하시오.  3. 1번 문항에 대한 답변과 관계된 것을 사회 현상에서 찾고, 그 이유를 설명하시오.     <메모장>     처음에 (가)와 (나)를 보고 '결합'이라는 단어를 떠올렸습니다. 그리고 (라)는 기억 상 '빛의 입자성'이었고 광전효과가 입증 이론이니 광전효과를 떠올리고는 (라)를 '분리'라는 단어로 연관지으면 되지 않을까 싶었습니다. 그런데 (다) 지문이 '결합'이라는 걸로 연관 짓기에는 무리가 있었습니다. 화학반응이 일어나니까 화학 반응 속에 결합이 있을 것이다. 이런식으로 가기에는 억지였고,,, 시간은 흐르고,,, (다) 지문에서 다시 생각을 해 봤을 때 화석 연료의 사용으로 긍정적 측면과 부정적 측면이 모두 발생했다.라고 생각을 하니 자연스럽게 '양면성'이 떠올랐습니다. '양면성'이라는 단어를 가지고 (가)와 (나)를 다시 보니 (가)도 물과 기름 양 쪽을 섞이게 하는 것이고 (나)의 아미노산도 양쪽성 물질임이 떠올랐습니다. (사실 양쪽성 물질이 맞나 긴가민가 했습니다. 그래도 그냥 지르기로 했습니다.) 그에 비하면 (라)는 빛의 '이중성' 중에서 입자성만 설명하고 있으므로 (가)~(다)와는 대비됩니다.     14분 준비시간 중에 '결합과 분리'에 꽂혀서 거의 8~9분을 썼습니다. 5~6분 남겨놓고 '양면성'이라는 키워드가 생각났고, 급하게 답안 준비했습니다. 14분 주어진 시간 안에서는 1번과 3번 문항에 대한 답안을 메모해 두었고, 2번 문항은 완전히 해결하지 못한 채 고사실(면접실)로 이동했습니다. 6층에서 3층?4층?으로 내려가는 동안 계속 메모지 보면서 생각했습니다. 다행이 계단 내려가는 도중에 빛의 이중성을 떠올렸고 면접 들어가기 전에 8~9분 정도 앉아서 대기할 때 마무리했습니다. (준비시간 14분이 지나면 메모지에 작성하거나 수정하는 행위는 금지됩니다. 머릿속으로만 생각해야합니다. 대략적인 지문 키워드와 답안 키워드를 적어 왔기때문에 답안을 준비할 수 있었습니다.)     3번 문항에 대한 답변은 '통화 정책'을 생각해 두었습니다. 경제시간에 배웠었는데, 시장에 유통되는 통화량이 작을 때에 통화량을 분배(?)하는 정책을 실시할 경우, 통화량 안정이라는 긍정적 측면도 있지만, 물가 상승 즉 인플레이션 현상이 발생한다는 부정적 측면도 있습니다.     <면접>  고사실(면접실) 들어가기 전 : 이미 한 명이 대기하고 있었습니다. 수험표로 본인 확인을 하고 자리에 앉으니 잠시 후에 지원자 한 분이 고사실(면접실)에서 나왔습니다. 별로 텀 없이 다음 분이 바로 들어가고 (1분도 채 안 되었던 것 같습니다.) 저는 7분가량 대기했습니다. 생각보다 대기 시간이 많아서 답안을 다시 한 번 정리할 수 있었습니다. 앞사람 나오고 나서 거의 곧바로 들어갔습니다.     면접관 : (친절한 설명) 제시문에 대한 답변 먼저 해 주시면 됩니다. 각 문항당 1~2분씩 총 3~4분 내외로 답변해 주시면 됩니다.     면접자 : 네 그럼 1번 문항 먼저 답변 드리겠습니다. [[제시문 문항 답변 진행]]           면접관: 그럼 이제 서류기반 질문 진행하겠습니다. 대회를 굉장히 많이 참여하였는데, 그 중에서 가장 기억에 남는 대회가 있나요? (느낀점이나 배운 점을 설명하라는 뉘앙스 였습니다.)     면접자 : 저는 학술 컨퍼런스가 기억에 남습니다. 주제를 선정하여 몇개월간 연구를 진행하는 것이었습니다. 우선 생명과학과 수학의 결합이라는 것을 알게된 이후로 DNA 분자구조와 매듭이론의 관계에 대한 프로젝트를 진행하였는데, 새로운 것을 알게 되었다는 지적 희열이 가장 컸습니다. 뿐만 아니라 어려운 주제에 맞닦들여서 함께 진행한 파트너와 함께 하브루타 식으로 토론하며 어려움을 헤쳐갔던 것이 기억에 남습니다. <U> 면접관 : 많은 대회에 참여하면 학습에 지장이 갈텐데, 그런데도 다양한 대회에 참가한 이유는 무엇인가요? <S> 면접자 : 고등학교에 진학하고 많은 사람들과 다양한 경험을 쌓고자 참여했습니다. 사실은 더 참여하고 싶었는데 현실적으로 힘들 것 같아 하지 못한 것도 있었습니다. <U> 면접관 : 무슨 대회요? <S> 면접자 : 포스문이라고, 아.. (이거 얘기하면 안 되는데..). (1초간 정적) 모의 유엔 대회에 참여하고 싶었으나 시험기간과 겹치는 바람에 참여하지 못했던 것이 아쉽습니다. (살짝 거짓말 섞었음...) <U> 면접관 : 동아리 활동을 보면, 3년 내내 상담 동아리 활동만 한 것 같은데, 따로 특별히 생명과학과 관련하여 활동한 것이 있나요? <S> 면접자 : 네, 그 정규 동아리로 활동한 상담 동아리 말고, 자율동아리로 뇌과학 동아리를 조직하여 활동하였습니다. <U> 면접관 : 동아리를 직접 만든 것인가요? <S> 면접자 : (잠깐 고민, 이걸 갑자기 왜 물어보는 거지?) 네, 6명이서 같이 만들었습니다. (사실은 학교에서 동아리를 만들라고 시간도 주고 장소도 주고 합니다. 뜻이 맞는 친구들끼리 한 학기동안 동아리 활동을 하는 것이죠. 제 생각에는 면접관께서는 학교의 정규 동아리를 개설하는 수준으로 생각하신 듯합니다. 사실은 그게 아닌데,,,) <U> 면접관 : 동아리 활동의 궁극적인 목표는 무엇이었나요? <S> 면접자 : 음...(당황) '뇌에 대해서 잘 알자!' 였습니다. <U> 면접관 : (피식) 그게 다인가요? 보충 설명 안 할거에요? <S> 면접관 : 동아리 활동을 하면서 배우고 느낀 점이 있다면?(이 표현이 아니었는데 아무튼 이런 뉘앙스였습니다.)     면접자 : (답변) <U> 면접관 : (눈이 커지면서) 책을 직접 집필했다는 건가요? <S> 면접자 : 아아, 저희가 쓴 것을 출력해서 제본하는 정도 했습니다.     면접관 : 마지막으로 그 책의 내용 10초간 소개     면접자 : 저는 '뇌의 탄생'이라는 테마를 맡아서 발생학적으로, 진화론적으로 썼습니다. 발생학적으로 태아가 성장하면서 뇌가 어떤 과정을 거치며 자라는지, 진화론적으로 뇌가 어떤 과정을 거치며 진화되어 왔는지 썼습니다.     (퇴장)        04    수기 및 후배들에게 하고 싶은 말   -   면접 보면서 느꼈는데, 면접관분들이 생기부와 자소서를 꼼꼼히 안 읽으시는구나 하는 생각이 들었습니다. '뇌레인'이라는 자율동아리 활동도 동아리 란에 써져 있는데 '상담 관련 동아리만 3년 내내 했다'는 뉘앙스의 질문을 하셨습니다.  또한 '동아리 활동에서 느낀 점이 있다면' 이라는 질문에 사실상 자소서에 써져 있는 내용 그대로 말했는데 상당히 흥미롭다는 반응을 보이셨습니다.  마지막 질문으로 '쓴 책의 내용 10초간 설명' 이라 하셨는데 이것도 생기부,자소서에 써져 있는 내용 그대로 설명한 것 같습니다.(이부분은 조금 미흡했네요)     일반전형 면접에는 제시문 기반 면접이 포함되어 있는 지라 서류기반 면접을 많이는 못 하나 봅니다. 그럼에도 불구하고 저는 서류 기반 질문을 꽤나 많이 받은 듯합니다.        기출 제시문을 보니 물화생지 다 나오던데 이번에는 물리 화학 생명까지만 나온 듯합니다. 수능 물1 생1 선택해서 화학 지구과학 나오면 어떡하나 걱정하고 있었는데, 지구과학에 개념적인 부분이 안 나와서 다행이었습니다. 그리고 물리에서 결정적인 문항이 나와서 다행이었습니다.(빛의 이중성, 플랑크의 광양자설) <U> 제시문 기반 면접 다 하고 나서 별 다른 말 없이 바로 서류기반 면접으로 들어가던데, 아마 잘 답변해서이지 않을까요? <S> <|im_end|><|im_start|>assistant
","의식의 흐름 수준으로 쓴 것 같습니다. 발로 쓴 것 같은 긴글 읽어 주셔서 고맙습니다.(수시로 생각나는대로 추가할 예정입니다.)          면접과 논술을 보고와서 수만휘에 정성스러운 후기를 남기면  합격 가능성이 1%씩 올라간다는 훈훈한 전설이 매해 내려오고 있는 면접, 논술 게시판입니다.  남겨주시는 후기들은 다음 해 후배들에게 더할 나위없이 귀한 자료가 되어  도움을 주는 만큼  이 훈훈한 전설이 계속 이어져 내려갔으면 합니다.     이번 입시 그리고 대학생활의 행운을 빕니다!         ================================    [필독] 비매너회원과 다투지 마시고, 게시판 중 가장 첫번째에 있는 '신고게시판'에 올려주시면 강퇴처리해 드립니다.<|im_end|>",train
"<|im_start|>user
<U> 옆 친구: 아까 받은 가번호 스티커, 너도 봉투에 붙였어? <S> <|im_end|><|im_start|>assistant
",나: 나는 관리위원 분이 봉투에 붙여서 주셨어. 옷에 붙이는 건 아직 안 받았어.<|im_end|>,train
"<|im_start|>user
<U> 면 : 1차 꼬리질문 / 법학을 공부하고 싶다고 하셨는데, 그 중에서도 특히 어떤 법을 공부하고 싶어요? <S> 나 : (자소서에 인권이 저를 움직이는 코어라고 썼던 부분을 언급하고, 인권 관련한 활동 했던 부분도 언급하며 인권 관련된 법을 나열하고 이 법들을 공부하고 싶다고 답변) <U> 면 : 2차 꼬리질문  / 인권이라고 하셨는데, 인권이 종류가 많잖아요. 그 중에서 어떤 인권에 대해 공부하고 싶다던가 흥미가 있어요? <S> 나 : (약간 당황) 청소년 참여에 관련해서 했던 활동들을 기반으로, 인권 중에서 참여권에 대해서 관심이 있다고 답변. <U> 면 : 3차 꼬리질문 / 참여권이라고 하셨는데, 왜 다른 인권들 중에서 참여권이 중요하다고 생각하세요? <S> 나 : (당황 당황) 대한민국 사회에서 생존권, XX권(뭘 또 말했는데 기억이 안나요) 등의 인권은 비교적 잘 보장되는 것 같다고 생각. 자소서에도 썼듯이 제가 지향하는 서번트형 리더는 구성원들을 끌고 가는게 아니라 구성원들의 생각을 존중하고, 구성원들의 참여를 통해 사회를 변화시키는 것이기 때문에 참여권이 중요하다고 생각.     면 : 고개 끄덕끄덕     꼬리질문 답변할 때는 제시문 답변보다 훨씬 눈도 많이 맞춰주시고, 자세히 들으시는 게 눈에 보였어요.  그리고 대망의 멘탈 폭발 사건ㄴ     면 : 네, 시간이 이제 다 됐어요. <U> 나 : 저, 마지막으로 하고 싶은 말 해도 됩니까? <S> 면 : 아 괜찮아요, 충분해요, 괜찮아요. <U> 나 : (조금 쉬었다가) 꼭 하고 싶은 말이 있어서 하면 안될까요..? <S> <|im_end|><|im_start|>assistant
","면 : 아뇨, 괜찮습니다. 나가도 되세요.     나 : (당황 X100) 네 알겠습니다, 하고 자리에서 일어서서 안녕히 계십시오!! 하고 나왓습니다 ㅋㅋㅋㅋㅋㅋ     마지막으로 하려고 준비했던 멘트가 있었는데 그걸 끝까지 못하고 나왔던 게 완전 꿀잼 포인트였습니다.  저도 써놓고 보니까 굉장히 어려운 면접이었던 것 같네요.. 하하, 근데 당시에는 그런 생각도 못하고 당장 대답을 하는데 집중했습니다.     그리고 중요한 건 제시문 답변 << 꼬리질문 답변 인 것 같아요. 제시문 답변은 완전 똥을 싸거나 방향이 잘못되지 않는 이상(어느정도 답변 방향이 맞기만 하면) 면접관님들도 너무 많이 들으신 답이라서 그냥그냥 들으시는 경향이 있는 것 같아요. 제시문 답변은 악센트 있는 부분만 잘 얘기하면 됩니다. 꼬리 질문에서는 절대 당황금지! 당황하지말고 떨지 말고 웃으면서 여유로운 척하면서 답변하는 게 중요한 것 같아요.  마음속으로 '8분동안 연기 하고 나와야지' 생각하면서 여유롭게 웃으면서 천천히 답변하시길 바랍니다..! 저는 면접 하는 틈틈이 답변하면서 미소를 머금으려고 노력했던 것 같아요.                             04    수기 및 후배들에게 하고 싶은 말   -   생각보다 생기부, 자소서에서 세세한 부분이 나오지 않아요... 세특, 독서 이런거 안물어보십니다.. 그러나 저도 그 얘기를 들었지만 그 천분의 일의 확률이 나한테 일어나면 안되니까 저도 다 열심히 봤던 것 같네요 하하     대신 어떤 부분을 물어보면 그 부분을 집요하게 물어보시는 것 같고, 답변에 대한 부분은 문과는 역시 '지원자의 관점, 생각, 논리'를 물으시는 것 같아서 본인이 평소 가진 생각, 관점, 논리를 말하면 되는데 그에 대한 근거가 보통 자소서, 생기부에서 잘 나오는 것 같아요. 자소서, 생기부는 답변에 대한 근거를 주는 용도로 활용하시는 게 가장 좋을 듯합니다.     솔직히 면접을 끝내고 못본거같다고는 생각이 안들었는데,,, 또 모르는 거니까요 말이 빠르다고 탈락할 수도 있구요ㅋㅋㅋㅋ 근데 천천히 말하면 말 끊을 거면서 대체 어쩌라는 걸까요...  모두 합격해서 고려대에서 봅시다~!!!                 면접과 논술을 보고와서 수만휘에 정성스러운 후기를 남기면  합격 가능성이 1%씩 올라간다는 훈훈한 전설이 매해 내려오고 있는 면접, 논술 게시판입니다.  남겨주시는 후기들은 다음 해 후배들에게 더할 나위없이 귀한 자료가 되어  도움을 주는 만큼  이 훈훈한 전설이 계속 이어져 내려갔으면 합니다.     이번 입시 그리고 대학생활의 행운을 빕니다!         ================================    [필독] 비매너회원과 다투지 마시고, 게시판 중 가장 첫번째에 있는 '신고게시판'에 올려주시면 강퇴처리해 드립니다.<|im_end|>",train
"<|im_start|>user
<U> -간호사로서의자질 내 장점? <S> <|im_end|><|im_start|>assistant
",답:성실함+이유<|im_end|>,train
"<|im_start|>user
<U> 제가 들어간 방 교수님들은 비교적 호의적이고 호응도 괜찮게 해주셨습니다. 이 부분은 교수님들 성격에 따라 달라지지 않을까요..? <S> <|im_end|><|im_start|>assistant
","2) 시험진행 방식  1. 대기실(강당)에서 대기하다가 준비실로 이동  2. 준비실에서 14분간 제시문면접 준비. 제시문은 투명파일 안에 끼워져있고 제시문에는 아무것도 필기할 수 없음. A4용지 한 장씩 나눠주는데 거기에만 메모 가능. A4용지는 더 받을 수 없지만 한 장이면 충분함  3. 면접실로 이동. 대기할 때 자기 메모지(A4용지)를 볼 수는 있지만 필기는 안됨.  5. 면접실에는 면접관 두 분이 앉아계시고 그 방에서 제시문면접, 생기부면접 모두 진행                     03  시험 문제 복원 + 나의 답변     면접과 논술 시간에 있었던 이야기를 잘 적어주세요.  무엇을 물어보았는지, 그리고 그에 대한 나의 답변은 무엇인지 등을 적어주시면 됩니다.    제시문면접의 경우 질문은 공통이지만 기억하는 포인트가 다를 수 있으므로 다른 분들의 복원내용도 확인하시면 좋을 것 같아요  -제시문면접  (가) 비누의 구조와 비누가 옷의 때를 없애는 과정에 관한 지문, 비누가 친수성기와 소수성기를 모두 갖는다는 것이 핵심  (나) 용매에 따른 아미노산의 성질에 관한 지문, 아미노산이 산성 용매에 녹았을 때는 염기성을 띠고 염기성 용액에 녹았을 때는 산성을 띤다고 함. 그리고 중성 용액에 녹으면 양이온과 음이온을 모두 가짐  (다) 산업화에 따라 생활이 편리해졌지만 부작용도 존재함  (리) 광양자설에 관한 지문. 빛이 입자의 성질을 가짐.  1. (가)~(다)에서 공통적으로 떠오르는 개념  (가), (나)까지 읽고 ‘이중성, 다중성’이 바로 떠올랐습니다. 하지만 한 번 떠오른 개념이 의도와 동떨어졌을 때 바로잡기가 힘들다는 걸 면접 준비하면서 깨달았으므로 (다), (라)까지 읽고 확신할 수 있었습니다. (라)의 경우 빛은 입자성과 파동성을 동시에 갖는데 그 중 하나만 소개된 것이라고 보니 잘 맞아떨어졌어요  그리고 여기서는 (가)~(다)의 공통점을 말하라고 했지만 잘 모르겠을 땐 (라)까지 읽어보고 답하는 것도 좋은 것 같아요. 항상 그런건 아니지만 전체적인 흐름이 비슷하니까요  2. 1번의 개념을 (라)와 연관지어 설명  배경지식을 좀 활용했습니다,, 빛은 (라)에서 설명한 것처럼 입자의 성질을 갖지만 회절과 간섭을 일으키므로 파동의 성질도 갖는다고 설명했어요. 그리고 이것이 빛의 이중성에 해당한다고 설명했습니다.  3. 1번의 개념을 사회현상에서 찾아서 설명  시장에서 수요의 변화의 이중성을 예로 들었습니다. 원래 재화의 가격이 올라가면 수요는 떨어지는게 정상인데 명품과 같은 예외적인 경우는 가격이 올라가도 수요가 상승한다고 설명했습니다.  4. (추가질문) 설명한 내용을 바탕으로 (가)~(다)와 (라)의 차이점을 설명  ‘이중성, 다중성’의 측면에서 살펴보면 (가)~(다)는 각 대상의 이중적, 다중적 성질이 모두 소개되었지만 (라)은 빛의 입자성과 파동성 중 입자성만 소개되었다고 설명했습니다. 즉 대상의 한쪽 측면만 소개된 것입니다.  -학생부면접  어차피 답변은 개인마다 다를 것이므로 질문만 말씀드리겠습니다  게다가 이거는 질문도 각자 다른 것 같더라구요..  1. 이 과에 지원하게 된 가장 큰 동기가 된 활동  2. 그 활동에서 어려움을 어떻게 극복했는지, 참고한 도서는 있는지  3. 난치병 연구원이 되고 싶다고 하셨는데, 구체적으로 어떤 난치병이 있는지  4. 그렇다면 그 병에 걸린 사람이 몇 명이나 되는지                     04    수기 및 후배들에게 하고 싶은 말     -후배님들 파이팅하세요~~                                      면접과 논술을 보고와서 수만휘에 정성스러운 후기를 남기면  합격 가능성이 1%씩 올라간다는 훈훈한 전설이 매해 내려오고 있는 면접, 논술 게시판입니다.  남겨주시는 후기들은 다음 해 후배들에게 더할 나위없이 귀한 자료가 되어  도움을 주는 만큼  이 훈훈한 전설이 계속 이어져 내려갔으면 합니다.    이번 입시 그리고 대학생활의 행운을 빕니다!      ================================    [필독] 비매너회원과 다투지 마시고, 게시판 중 가장 첫번째에 있는 '신고게시판'에 올려주시면 강퇴처리해 드립니다.<|im_end|>",train
"<|im_start|>user
<U> 면 : 1차 꼬리질문 / 법학을 공부하고 싶다고 하셨는데, 그 중에서도 특히 어떤 법을 공부하고 싶어요? <S> 나 : (자소서에 인권이 저를 움직이는 코어라고 썼던 부분을 언급하고, 인권 관련한 활동 했던 부분도 언급하며 인권 관련된 법을 나열하고 이 법들을 공부하고 싶다고 답변) <U> 면 : 2차 꼬리질문  / 인권이라고 하셨는데, 인권이 종류가 많잖아요. 그 중에서 어떤 인권에 대해 공부하고 싶다던가 흥미가 있어요? <S> 나 : (약간 당황) 청소년 참여에 관련해서 했던 활동들을 기반으로, 인권 중에서 참여권에 대해서 관심이 있다고 답변. <U> 면 : 3차 꼬리질문 / 참여권이라고 하셨는데, 왜 다른 인권들 중에서 참여권이 중요하다고 생각하세요? <S> 나 : (당황 당황) 대한민국 사회에서 생존권, XX권(뭘 또 말했는데 기억이 안나요) 등의 인권은 비교적 잘 보장되는 것 같다고 생각. 자소서에도 썼듯이 제가 지향하는 서번트형 리더는 구성원들을 끌고 가는게 아니라 구성원들의 생각을 존중하고, 구성원들의 참여를 통해 사회를 변화시키는 것이기 때문에 참여권이 중요하다고 생각.     면 : 고개 끄덕끄덕     꼬리질문 답변할 때는 제시문 답변보다 훨씬 눈도 많이 맞춰주시고, 자세히 들으시는 게 눈에 보였어요.  그리고 대망의 멘탈 폭발 사건ㄴ     면 : 네, 시간이 이제 다 됐어요. <U> 나 : 저, 마지막으로 하고 싶은 말 해도 됩니까? <S> <|im_end|><|im_start|>assistant
","면 : 아 괜찮아요, 충분해요, 괜찮아요.<|im_end|>",train
"<|im_start|>user
<U> 2번 자신에게 심화학습이 어떻게 도움이 될까요? <S> 3번 뭐였더라..    생각치 못했지만 임기응변으로 다 답은 했습니다       04    수기 및 후배들에게 하고 싶은 말   -     제시문할때 잘 안풀릴수 있는데 생각보다 21분이 길더라고요 멘탈 잡고 해서 다 풀수 있었던거 같습니다. 누구나 다 긴장한다는 생각이 되게 중요한거 같아요 <U> 저는 따로 추가질문이 없었는데 딱 시간에 맞춘거겠죠? <S> <|im_end|><|im_start|>assistant
","면접과 논술을 보고와서 수만휘에 정성스러운 후기를 남기면  합격 가능성이 1%씩 올라간다는 훈훈한 전설이 매해 내려오고 있는 면접, 논술 게시판입니다.  남겨주시는 후기들은 다음 해 후배들에게 더할 나위없이 귀한 자료가 되어  도움을 주는 만큼  이 훈훈한 전설이 계속 이어져 내려갔으면 합니다.    이번 입시 그리고 대학생활의 행운을 빕니다!      ================================    [필독] 비매너회원과 다투지 마시고, 게시판 중 가장 첫번째에 있는 '신고게시판'에 올려주시면 강퇴처리해 드립니다.<|im_end|>",train
"<|im_start|>user
<U> 다들 잘 하셨나요? <S> <|im_end|><|im_start|>assistant
","저는 정말 떨려서 손이 발발 떨리더라구요..  각 제시문 분량은 적었으나, 제시문이 무려 6개나 된다는 점에서 살짝 멘붕이 오긴했습니다..  4분 정도 남겨두고는 진짜 머리가 하얘졌는데  어제부터 들은 미란이랑 머쉬베놈 VVS 가사가 생각나서 겨우 버텼습니다.  My life is shining like a VVS 이 가사 아니였음 정신 못차리고 퍼졌을 것 같아요 ㅋㅋㅋ  다들 수고하셨습니다.  ​  저는 다시 일상으로 돌아가 열심히 과제해야겠네요<|im_end|>",train
"<|im_start|>user
<U> (2) 준비실 : 명칭이 정확한지는 잘 모르겠습니다. 고사실(면접실)로 들어가기 전 미리 지문을 보고 답안을 준비하는 시간입니다. 이 때는 모든 조가 다 모여서 한 곳에서 시험봅니다. 1조부터 끝조까지 동시에 14분이라는 시간동안 제시문을  보고 답변을 준비합니다. 물론 과가 다르니 문제도 다르겠죠? <S> (3) 고사실 : 두 분이 앉아계셨고 인상이 참 좋은 분들이었습니다. 친절히 설명해 주시고 편하게 이야기하는 듯 한 느낌이 들었습니다. 제시문 답변 3~4분 정도로 진행하고 서류기반 질문 받으면 됩니다.      03  시험 문제 복원 + 나의 답변     면접과 논술 시간에 있었던 이야기를 잘 적어주세요.  무엇을 물어보았는지, 그리고 그에 대한 나의 답변은 무엇인지 등을 적어주시면 됩니다.     <제시문> - 기억나는 포인트만 짚어서 씁니다.     (가) 비누는 친수성 부분과 소수성 부분으로 이루어져 있다. 물과 친한 친수성부분, 기름과 친한 소수성 부분이 각각 물과 때와 결합한다. 옷감에 있는 때에 결합하여 'OOO'을 형성한다.  (나) 아미노산은 탄소 원자를 중심에 두고 아미노기, 카복시기, 수소 또는 아세틸기(?)와 결합한 구조이다. 아미노산을 액체에 담그면 용액의 액성에 따라 다른 반응을 일으킨다. 산성 용액에 담글 경우 ~, 염기성 용액에 담글 경우 ~. 물에 담글 경우 ~.(각 용액의 액성에 따라 어떤 작용기가 어떤 화학 반응을 일으키는지에 대한 설명이 있었습니다.)  (다) 석탄, 석유와 같은 화석연료의 사용으로 산업화를 이룩할 수 있었으나 지구 온난화, 오존층 파괴, 백내장과 같은 질병 유발이라는 결과를 가져오기도 했다.  (라) 플랑크의 광양자설. E=hf로 전자의 에너지 준위는 불연속적이다.(아무튼 광양자설 얘기)     <문항>  1. 제시문 (가)~(다)에서 공통적으로 연관된 개념을 찾고, 이유를 설명하시오.  2. 1번 문항에 대한 답변을 참고하여 (가)~(다)와 (라)를 비교하시오.  3. 1번 문항에 대한 답변과 관계된 것을 사회 현상에서 찾고, 그 이유를 설명하시오.     <메모장>     처음에 (가)와 (나)를 보고 '결합'이라는 단어를 떠올렸습니다. 그리고 (라)는 기억 상 '빛의 입자성'이었고 광전효과가 입증 이론이니 광전효과를 떠올리고는 (라)를 '분리'라는 단어로 연관지으면 되지 않을까 싶었습니다. 그런데 (다) 지문이 '결합'이라는 걸로 연관 짓기에는 무리가 있었습니다. 화학반응이 일어나니까 화학 반응 속에 결합이 있을 것이다. 이런식으로 가기에는 억지였고,,, 시간은 흐르고,,, (다) 지문에서 다시 생각을 해 봤을 때 화석 연료의 사용으로 긍정적 측면과 부정적 측면이 모두 발생했다.라고 생각을 하니 자연스럽게 '양면성'이 떠올랐습니다. '양면성'이라는 단어를 가지고 (가)와 (나)를 다시 보니 (가)도 물과 기름 양 쪽을 섞이게 하는 것이고 (나)의 아미노산도 양쪽성 물질임이 떠올랐습니다. (사실 양쪽성 물질이 맞나 긴가민가 했습니다. 그래도 그냥 지르기로 했습니다.) 그에 비하면 (라)는 빛의 '이중성' 중에서 입자성만 설명하고 있으므로 (가)~(다)와는 대비됩니다.     14분 준비시간 중에 '결합과 분리'에 꽂혀서 거의 8~9분을 썼습니다. 5~6분 남겨놓고 '양면성'이라는 키워드가 생각났고, 급하게 답안 준비했습니다. 14분 주어진 시간 안에서는 1번과 3번 문항에 대한 답안을 메모해 두었고, 2번 문항은 완전히 해결하지 못한 채 고사실(면접실)로 이동했습니다. 6층에서 3층?4층?으로 내려가는 동안 계속 메모지 보면서 생각했습니다. 다행이 계단 내려가는 도중에 빛의 이중성을 떠올렸고 면접 들어가기 전에 8~9분 정도 앉아서 대기할 때 마무리했습니다. (준비시간 14분이 지나면 메모지에 작성하거나 수정하는 행위는 금지됩니다. 머릿속으로만 생각해야합니다. 대략적인 지문 키워드와 답안 키워드를 적어 왔기때문에 답안을 준비할 수 있었습니다.)     3번 문항에 대한 답변은 '통화 정책'을 생각해 두었습니다. 경제시간에 배웠었는데, 시장에 유통되는 통화량이 작을 때에 통화량을 분배(?)하는 정책을 실시할 경우, 통화량 안정이라는 긍정적 측면도 있지만, 물가 상승 즉 인플레이션 현상이 발생한다는 부정적 측면도 있습니다.     <면접>  고사실(면접실) 들어가기 전 : 이미 한 명이 대기하고 있었습니다. 수험표로 본인 확인을 하고 자리에 앉으니 잠시 후에 지원자 한 분이 고사실(면접실)에서 나왔습니다. 별로 텀 없이 다음 분이 바로 들어가고 (1분도 채 안 되었던 것 같습니다.) 저는 7분가량 대기했습니다. 생각보다 대기 시간이 많아서 답안을 다시 한 번 정리할 수 있었습니다. 앞사람 나오고 나서 거의 곧바로 들어갔습니다.     면접관 : (친절한 설명) 제시문에 대한 답변 먼저 해 주시면 됩니다. 각 문항당 1~2분씩 총 3~4분 내외로 답변해 주시면 됩니다.     면접자 : 네 그럼 1번 문항 먼저 답변 드리겠습니다. [[제시문 문항 답변 진행]]           면접관: 그럼 이제 서류기반 질문 진행하겠습니다. 대회를 굉장히 많이 참여하였는데, 그 중에서 가장 기억에 남는 대회가 있나요? (느낀점이나 배운 점을 설명하라는 뉘앙스 였습니다.)     면접자 : 저는 학술 컨퍼런스가 기억에 남습니다. 주제를 선정하여 몇개월간 연구를 진행하는 것이었습니다. 우선 생명과학과 수학의 결합이라는 것을 알게된 이후로 DNA 분자구조와 매듭이론의 관계에 대한 프로젝트를 진행하였는데, 새로운 것을 알게 되었다는 지적 희열이 가장 컸습니다. 뿐만 아니라 어려운 주제에 맞닦들여서 함께 진행한 파트너와 함께 하브루타 식으로 토론하며 어려움을 헤쳐갔던 것이 기억에 남습니다. <U> 면접관 : 많은 대회에 참여하면 학습에 지장이 갈텐데, 그런데도 다양한 대회에 참가한 이유는 무엇인가요? <S> 면접자 : 고등학교에 진학하고 많은 사람들과 다양한 경험을 쌓고자 참여했습니다. 사실은 더 참여하고 싶었는데 현실적으로 힘들 것 같아 하지 못한 것도 있었습니다. <U> 면접관 : 무슨 대회요? <S> 면접자 : 포스문이라고, 아.. (이거 얘기하면 안 되는데..). (1초간 정적) 모의 유엔 대회에 참여하고 싶었으나 시험기간과 겹치는 바람에 참여하지 못했던 것이 아쉽습니다. (살짝 거짓말 섞었음...) <U> 면접관 : 동아리 활동을 보면, 3년 내내 상담 동아리 활동만 한 것 같은데, 따로 특별히 생명과학과 관련하여 활동한 것이 있나요? <S> 면접자 : 네, 그 정규 동아리로 활동한 상담 동아리 말고, 자율동아리로 뇌과학 동아리를 조직하여 활동하였습니다. <U> 면접관 : 동아리를 직접 만든 것인가요? <S> <|im_end|><|im_start|>assistant
","면접자 : (잠깐 고민, 이걸 갑자기 왜 물어보는 거지?) 네, 6명이서 같이 만들었습니다. (사실은 학교에서 동아리를 만들라고 시간도 주고 장소도 주고 합니다. 뜻이 맞는 친구들끼리 한 학기동안 동아리 활동을 하는 것이죠. 제 생각에는 면접관께서는 학교의 정규 동아리를 개설하는 수준으로 생각하신 듯합니다. 사실은 그게 아닌데,,,)<|im_end|>",train
"<|im_start|>user
<U> 옆 친구: 아까 받은 가번호 스티커, 너도 봉투에 붙였어? <S> 나: 나는 관리위원 분이 봉투에 붙여서 주셨어. 옷에 붙이는 건 아직 안 받았어. <U> 너 스포츠과학전공이야? 가번호 1번? <S> 옆 친구: 응.(끄덕끄덕)  이 대화에서 알 수 있는 건 ‘공공사회학전공’,‘스포츠과학전공’,‘스포츠비즈니스전공’이  모두 한 대기실에서 대기중이었음. 그리고 가번호가 주어지는데 그 가번호를 휴대폰 내는  봉투와 옷에 붙여야 함. 2개가 필요함. 세 전공마다 한 분씩 관리위원이 계셨는데  스포츠과학전공 관리위원분은 가번호가 옷에서 잘 떨어진다고 늦게 배부해주심.  관리위원마다 가번호 나눠주는 타이밍이 다르니까 불안해하지 않아도 됨.  그리고 필요한 거나 궁금한 거 있으면 다 물어보고 확인하기 바람. 괜히 무서워서  안 물어봤다가 모르는 것보다 나음. 애들 대부분 불안해서 이것저것 여쭤보는 분위기였음.  화장실은 자유롭게 왔다갔다 가능했음. 그리고 대기시간 중간에 수험생 유의사항 말씀해주심.  그때 잘 들어야 하는 것도 있으니까 연습한다고 무시하지 말고 잘 듣기. 휴대폰을 포함한  전자기기 소지 일체 안 되고, 모두 관리위원에게 제출. 대기실에서는 자신이 준비해온  종이 형태의 준비물만 보면서 연습할 수 있음. 대기실 입실마감은 9시였으나  실제 면접 시작시간은 9시 30분부터였음. 가번호 1번부터 불려가고 스포츠과학전공같은 경우  다음 번호까지 불려가서 면접장 앞에서 대기함. 나는 가번호 3번이었고, 가번호 1, 2번이었던  친구가 먼저 불려감. 한 15분 후, 9시 45분에 나랑 가번호 4번 부름.  → 면접장 앞 대기: 나랑 가번호 4번 친구는 앉아서 대기. 면접은 중간에 텀없이 한 명 나오면  바로 다음 사람 들어가는 방식이었음. 관리위원 분이 그때 면접장 앞 의자 있는 곳에 계셨는데  몇 마디 얘기 나눔. (필요 없는 대화는 빼고 중요한 대화만 썼음)  관리위원: 들어가면 ‘안녕하십니까, 가번호 몇 번, 누구누구입니다’라고 얘기하면 돼요.  나, 가번호 4번: 이름 얘기해도 돼요? 블라인드 면접이라고 알고 있었는데.  관리위원: (규정 읽어보시고 나한테 보여주시면서) 여기 면접위원에게 가번호, 성명 확인해야  한다고 나와있어요. 이름 얘기해도 돼요. (이때 다른 관리위원에게도 확인해주심)  나: 아, 알겠습니다.  (이 얘기 끝나고 몇 번 목 풀고 나니까 바로 들어오라 그랬음.)  ​  ​  3. 시험 문제 복원 + 나의 답변  → 면접: 면접은 예상했던 것과 달리 비대면으로 진행됐음. 태블릿PC가 놓여져 있었고,  면접장에서 혼자 얘기하는 방식. 관리위원 분께서 같이 들어오셔서 안내해주시고 나감.  나: 안녕하십니까, 가번호 3번, 000입니다. (나는 블라인드 면접 아니어서 이름 말한 거고,  블라인드 면접같은 경우 이름, 출신학교 등 말하면 큰 불이익 받음.)  면접위원1: 네~ 반갑습니다.  나: 네, 반갑습니다! <U> 면접위원1: 우선 2분 동안 지원동기를 포함해서 자기소개 한 번 해볼까요? <S> <|im_end|><|im_start|>assistant
","나: (준비한 자기소개 함)  면접위원2: 학생 자기소개서를 보니까 일찌감치 헬스 케어 컨설턴트라는 꿈을 가진 것 같은데,  그 분야에 대해서 많은 걸 찾아봤을 것 같아요. 현재 개발되어 있는 다양한 플랫폼과 자신이<|im_end|>",train
"<|im_start|>user
<U> (2) 준비실 : 명칭이 정확한지는 잘 모르겠습니다. 고사실(면접실)로 들어가기 전 미리 지문을 보고 답안을 준비하는 시간입니다. 이 때는 모든 조가 다 모여서 한 곳에서 시험봅니다. 1조부터 끝조까지 동시에 14분이라는 시간동안 제시문을  보고 답변을 준비합니다. 물론 과가 다르니 문제도 다르겠죠? <S> (3) 고사실 : 두 분이 앉아계셨고 인상이 참 좋은 분들이었습니다. 친절히 설명해 주시고 편하게 이야기하는 듯 한 느낌이 들었습니다. 제시문 답변 3~4분 정도로 진행하고 서류기반 질문 받으면 됩니다.      03  시험 문제 복원 + 나의 답변     면접과 논술 시간에 있었던 이야기를 잘 적어주세요.  무엇을 물어보았는지, 그리고 그에 대한 나의 답변은 무엇인지 등을 적어주시면 됩니다.     <제시문> - 기억나는 포인트만 짚어서 씁니다.     (가) 비누는 친수성 부분과 소수성 부분으로 이루어져 있다. 물과 친한 친수성부분, 기름과 친한 소수성 부분이 각각 물과 때와 결합한다. 옷감에 있는 때에 결합하여 'OOO'을 형성한다.  (나) 아미노산은 탄소 원자를 중심에 두고 아미노기, 카복시기, 수소 또는 아세틸기(?)와 결합한 구조이다. 아미노산을 액체에 담그면 용액의 액성에 따라 다른 반응을 일으킨다. 산성 용액에 담글 경우 ~, 염기성 용액에 담글 경우 ~. 물에 담글 경우 ~.(각 용액의 액성에 따라 어떤 작용기가 어떤 화학 반응을 일으키는지에 대한 설명이 있었습니다.)  (다) 석탄, 석유와 같은 화석연료의 사용으로 산업화를 이룩할 수 있었으나 지구 온난화, 오존층 파괴, 백내장과 같은 질병 유발이라는 결과를 가져오기도 했다.  (라) 플랑크의 광양자설. E=hf로 전자의 에너지 준위는 불연속적이다.(아무튼 광양자설 얘기)     <문항>  1. 제시문 (가)~(다)에서 공통적으로 연관된 개념을 찾고, 이유를 설명하시오.  2. 1번 문항에 대한 답변을 참고하여 (가)~(다)와 (라)를 비교하시오.  3. 1번 문항에 대한 답변과 관계된 것을 사회 현상에서 찾고, 그 이유를 설명하시오.     <메모장>     처음에 (가)와 (나)를 보고 '결합'이라는 단어를 떠올렸습니다. 그리고 (라)는 기억 상 '빛의 입자성'이었고 광전효과가 입증 이론이니 광전효과를 떠올리고는 (라)를 '분리'라는 단어로 연관지으면 되지 않을까 싶었습니다. 그런데 (다) 지문이 '결합'이라는 걸로 연관 짓기에는 무리가 있었습니다. 화학반응이 일어나니까 화학 반응 속에 결합이 있을 것이다. 이런식으로 가기에는 억지였고,,, 시간은 흐르고,,, (다) 지문에서 다시 생각을 해 봤을 때 화석 연료의 사용으로 긍정적 측면과 부정적 측면이 모두 발생했다.라고 생각을 하니 자연스럽게 '양면성'이 떠올랐습니다. '양면성'이라는 단어를 가지고 (가)와 (나)를 다시 보니 (가)도 물과 기름 양 쪽을 섞이게 하는 것이고 (나)의 아미노산도 양쪽성 물질임이 떠올랐습니다. (사실 양쪽성 물질이 맞나 긴가민가 했습니다. 그래도 그냥 지르기로 했습니다.) 그에 비하면 (라)는 빛의 '이중성' 중에서 입자성만 설명하고 있으므로 (가)~(다)와는 대비됩니다.     14분 준비시간 중에 '결합과 분리'에 꽂혀서 거의 8~9분을 썼습니다. 5~6분 남겨놓고 '양면성'이라는 키워드가 생각났고, 급하게 답안 준비했습니다. 14분 주어진 시간 안에서는 1번과 3번 문항에 대한 답안을 메모해 두었고, 2번 문항은 완전히 해결하지 못한 채 고사실(면접실)로 이동했습니다. 6층에서 3층?4층?으로 내려가는 동안 계속 메모지 보면서 생각했습니다. 다행이 계단 내려가는 도중에 빛의 이중성을 떠올렸고 면접 들어가기 전에 8~9분 정도 앉아서 대기할 때 마무리했습니다. (준비시간 14분이 지나면 메모지에 작성하거나 수정하는 행위는 금지됩니다. 머릿속으로만 생각해야합니다. 대략적인 지문 키워드와 답안 키워드를 적어 왔기때문에 답안을 준비할 수 있었습니다.)     3번 문항에 대한 답변은 '통화 정책'을 생각해 두었습니다. 경제시간에 배웠었는데, 시장에 유통되는 통화량이 작을 때에 통화량을 분배(?)하는 정책을 실시할 경우, 통화량 안정이라는 긍정적 측면도 있지만, 물가 상승 즉 인플레이션 현상이 발생한다는 부정적 측면도 있습니다.     <면접>  고사실(면접실) 들어가기 전 : 이미 한 명이 대기하고 있었습니다. 수험표로 본인 확인을 하고 자리에 앉으니 잠시 후에 지원자 한 분이 고사실(면접실)에서 나왔습니다. 별로 텀 없이 다음 분이 바로 들어가고 (1분도 채 안 되었던 것 같습니다.) 저는 7분가량 대기했습니다. 생각보다 대기 시간이 많아서 답안을 다시 한 번 정리할 수 있었습니다. 앞사람 나오고 나서 거의 곧바로 들어갔습니다.     면접관 : (친절한 설명) 제시문에 대한 답변 먼저 해 주시면 됩니다. 각 문항당 1~2분씩 총 3~4분 내외로 답변해 주시면 됩니다.     면접자 : 네 그럼 1번 문항 먼저 답변 드리겠습니다. [[제시문 문항 답변 진행]]           면접관: 그럼 이제 서류기반 질문 진행하겠습니다. 대회를 굉장히 많이 참여하였는데, 그 중에서 가장 기억에 남는 대회가 있나요? (느낀점이나 배운 점을 설명하라는 뉘앙스 였습니다.)     면접자 : 저는 학술 컨퍼런스가 기억에 남습니다. 주제를 선정하여 몇개월간 연구를 진행하는 것이었습니다. 우선 생명과학과 수학의 결합이라는 것을 알게된 이후로 DNA 분자구조와 매듭이론의 관계에 대한 프로젝트를 진행하였는데, 새로운 것을 알게 되었다는 지적 희열이 가장 컸습니다. 뿐만 아니라 어려운 주제에 맞닦들여서 함께 진행한 파트너와 함께 하브루타 식으로 토론하며 어려움을 헤쳐갔던 것이 기억에 남습니다. <U> 면접관 : 많은 대회에 참여하면 학습에 지장이 갈텐데, 그런데도 다양한 대회에 참가한 이유는 무엇인가요? <S> 면접자 : 고등학교에 진학하고 많은 사람들과 다양한 경험을 쌓고자 참여했습니다. 사실은 더 참여하고 싶었는데 현실적으로 힘들 것 같아 하지 못한 것도 있었습니다. <U> 면접관 : 무슨 대회요? <S> 면접자 : 포스문이라고, 아.. (이거 얘기하면 안 되는데..). (1초간 정적) 모의 유엔 대회에 참여하고 싶었으나 시험기간과 겹치는 바람에 참여하지 못했던 것이 아쉽습니다. (살짝 거짓말 섞었음...) <U> 면접관 : 동아리 활동을 보면, 3년 내내 상담 동아리 활동만 한 것 같은데, 따로 특별히 생명과학과 관련하여 활동한 것이 있나요? <S> 면접자 : 네, 그 정규 동아리로 활동한 상담 동아리 말고, 자율동아리로 뇌과학 동아리를 조직하여 활동하였습니다. <U> 면접관 : 동아리를 직접 만든 것인가요? <S> 면접자 : (잠깐 고민, 이걸 갑자기 왜 물어보는 거지?) 네, 6명이서 같이 만들었습니다. (사실은 학교에서 동아리를 만들라고 시간도 주고 장소도 주고 합니다. 뜻이 맞는 친구들끼리 한 학기동안 동아리 활동을 하는 것이죠. 제 생각에는 면접관께서는 학교의 정규 동아리를 개설하는 수준으로 생각하신 듯합니다. 사실은 그게 아닌데,,,) <U> 면접관 : 동아리 활동의 궁극적인 목표는 무엇이었나요? <S> 면접자 : 음...(당황) '뇌에 대해서 잘 알자!' 였습니다. <U> 면접관 : (피식) 그게 다인가요? 보충 설명 안 할거에요? <S> 면접관 : 동아리 활동을 하면서 배우고 느낀 점이 있다면?(이 표현이 아니었는데 아무튼 이런 뉘앙스였습니다.)     면접자 : (답변) <U> 면접관 : (눈이 커지면서) 책을 직접 집필했다는 건가요? <S> <|im_end|><|im_start|>assistant
","면접자 : 아아, 저희가 쓴 것을 출력해서 제본하는 정도 했습니다.     면접관 : 마지막으로 그 책의 내용 10초간 소개     면접자 : 저는 '뇌의 탄생'이라는 테마를 맡아서 발생학적으로, 진화론적으로 썼습니다. 발생학적으로 태아가 성장하면서 뇌가 어떤 과정을 거치며 자라는지, 진화론적으로 뇌가 어떤 과정을 거치며 진화되어 왔는지 썼습니다.     (퇴장)        04    수기 및 후배들에게 하고 싶은 말   -   면접 보면서 느꼈는데, 면접관분들이 생기부와 자소서를 꼼꼼히 안 읽으시는구나 하는 생각이 들었습니다. '뇌레인'이라는 자율동아리 활동도 동아리 란에 써져 있는데 '상담 관련 동아리만 3년 내내 했다'는 뉘앙스의 질문을 하셨습니다.  또한 '동아리 활동에서 느낀 점이 있다면' 이라는 질문에 사실상 자소서에 써져 있는 내용 그대로 말했는데 상당히 흥미롭다는 반응을 보이셨습니다.  마지막 질문으로 '쓴 책의 내용 10초간 설명' 이라 하셨는데 이것도 생기부,자소서에 써져 있는 내용 그대로 설명한 것 같습니다.(이부분은 조금 미흡했네요)     일반전형 면접에는 제시문 기반 면접이 포함되어 있는 지라 서류기반 면접을 많이는 못 하나 봅니다. 그럼에도 불구하고 저는 서류 기반 질문을 꽤나 많이 받은 듯합니다.        기출 제시문을 보니 물화생지 다 나오던데 이번에는 물리 화학 생명까지만 나온 듯합니다. 수능 물1 생1 선택해서 화학 지구과학 나오면 어떡하나 걱정하고 있었는데, 지구과학에 개념적인 부분이 안 나와서 다행이었습니다. 그리고 물리에서 결정적인 문항이 나와서 다행이었습니다.(빛의 이중성, 플랑크의 광양자설)<|im_end|>",train
"<|im_start|>user
<U> 1.제시문기반 <S> 가ㅡ소리는 북을 두드리거나 줄을 튕기거나 하면 진동이 생겨 발생. 진동이 매질을 통해 전달됨. 소리는 진동의 이동방향과 매질의 진동방향이 나란한 종파. 나ㅡ파스칼의삼각형 그림. 다ㅡ암세포는 계속 분열. 주변세포 전이시켜 종양만들고 암으로이어짐. 라ㅡ모기,파리 등 곤충들을 통해 병원체 이동. 여행, 교역 더 많아지면서 사람들 접촉 증가ㅡ더쉽게 전염 <U> 1)가~라 공통점? <S> 전달. 가의 경우 발생한 진동이 매질을 통해 전달되어 소리가 발생하기 때문. 나의 경우 위 숫자의 값이 아래 숫자로 전달되어 더해져나가는 형태이기 때문. 다의 경우 암세포가 주변으로 전이되어 비정상적인상태가 전달되기 때문. 라의 경우 매개곤충이나 사람들간의 접촉을 통해 병원체가 전달되기 때문. <U> 2)가,나 와 다,라 의 차이? <S> 가,나ㅡ일정한 방향성. 가에서는 매질의 진동이 진동과 나란한 방향으로 진행. 나에서는 위숫자의 값이 아래로 더해지는 방향으로만 전달. 다,라ㅡ방향성에 제한없음 다에서 암세포는 방향 무관하게 주변의 세포 모든 방향으로 전이 라에서 매개곤충이나 사람역시 이동 자유로워 모든 방향으로 병원체 전달. <U> 3)가,나 와 비슷한 현상? <S> 다윈의 진화론. 환경에 적합한 특질가진 개체가 생존, 세대를 거듭할수록 이 개체들만 살아남는 방식으로 유전적특징이 일방향적으로 전달. 문화축적현상. 선조들의 문화, 생활양식들이 점차 쌓여 현재는 매우다양한 문화 공존. <U> 수상실적이 많은데, 가장 오랜기간 준비한 대회?준비하기위해 가장 먼저 한일? <S> 뇌과학올림피아드. 원서읽고 이해, 문제푸는 대회.단어를 하나도 모르니까 접두사, 접미사..단어암기부터 시작. <U> 계획세워서 무언가 했는데 잘안된경험? <S> <|im_end|><|im_start|>assistant
","내신 수학. 이거이거 풀면 되겠다 계획세워서 문제풀이위주공부ㅡ 성적별로.그래서 좀더 본질적 공부로 방향 바꿔 성적향상.  바이오시스템의과학부에 진학해서 어떤식으로 학습해나갈건지. 바시의-질병의 종합적이해 추구. 정신질환도 종합적이해가 매우중요. 이를 염두에두고 관심분야에 좀더 집중해서 공부, 교수님들께 질문도 하는 적극적인 학생, 뇌과학동아리 가입하여 선배님들께도 많이 배울것.  가장 의미있었던?활동 앞서말했듯 바시의ㅡ종합적이해추구 외상후스트레스장애라는 질병에 대해 종합적으로 탐구한것. 심리학적측면+생물학적측면에서 하나의 질병탐구. +바이오마커 찾아내어 치료제만들겠다는 목표도 가지게 됨.               04    수기 및 후배들에게 하고 싶은 말   -     생각보다 편안한분위기였구 너무 긴장하지 않으셨으면좋겠네요 !  그리고 생기부,자소서 질문같은경우 지엽적으로 딱찝어서 질문하시기보다는 포괄적으로 질문하시는데, 답변은 구체적예시를 들어서 하시면좋을것같아요    물론 과마다, 조마다 상이합니다!!!!!                                      면접과 논술을 보고와서 수만휘에 정성스러운 후기를 남기면  합격 가능성이 1%씩 올라간다는 훈훈한 전설이 매해 내려오고 있는 면접, 논술 게시판입니다.  남겨주시는 후기들은 다음 해 후배들에게 더할 나위없이 귀한 자료가 되어  도움을 주는 만큼  이 훈훈한 전설이 계속 이어져 내려갔으면 합니다.    이번 입시 그리고 대학생활의 행운을 빕니다!      ================================    [필독] 비매너회원과 다투지 마시고, 게시판 중 가장 첫번째에 있는 '신고게시판'에 올려주시면 강퇴처리해 드립니다.<|im_end|>",train
"<|im_start|>user
<U> 질문 4: 지원학과와 관련하여 ㉠에 대한 사례 제시 <S> ​ <U> 질문 답변 내용은 잘 기억이 안나지만,, 질문 2번이 생각보다 잘 안떠올라서 약간 당황했고, 질문 4는 생기부 기반 면접이 없어서 추가한 내용인 것 같았습니다! 그리고 원래 진행되었던 방식과 달리 제시문 없이 연습용지로만 보고 대답해야 하니 연습용지에 꼭 각각 질문 간단히 요약해두는 게 좋을 것 같습니다! <S> <|im_end|><|im_start|>assistant
",​  ---------------------------------------------------------------------------    현장감(?)을 전해보고자 했는데 길게 써졌네요 ㅋㅋㅋ 아마 앞으로 고대 계열적합 등등 현장녹화 방식도 이렇게 진행되지 않을까 싶어요 :) 모두들 화이팅입니당!<|im_end|>,train
"<|im_start|>user
<U> A : 그럼 학생이 생각하기에 학생은 그 변화의 유연성과 열린 마음 중에 어떤 걸 더 많이 가지고 있는 것 같나요? <S> <|im_end|><|im_start|>assistant
","나 : (뭐...?) 어, 저는, 지금까지의 제 학업 생활동안, 제가 받아온 교육과 생활환경은 상당히 제한적이었습니다. 그렇기에 변화를 접하고 이에 대처하는 등의 다양한 경험을 하지 못하였습니다. 때문에 저는 이 대학에 와서 다양한 경험을 쌓고, 다양한 사람들을 만나 의견을 나누면서 비판적 의견을 수용할 줄 아는, 그러한 경험을 하고 싶다는 마음을 지니고 있기에 변화에 대한 유연성보다는 열린 마음을 더 가지고 있는 것 같습니다.(두 분 다 끄덕끄덕.. 정말 계속 끄덕이심 너무 좋아)<|im_end|>",train
"<|im_start|>user
<U> ㅁ: 네~ 앉으세요. 오래 기다리셨죠? <S> <|im_end|><|im_start|>assistant
",ㄴ: ㅎㅎ 아닙니다~  ㅁ: 바로 시작할게요. 1번부터 쭉 차례대로 설명해 주세요~<|im_end|>,train
"<|im_start|>user
<U> 1.제시문기반 <S> 가ㅡ소리는 북을 두드리거나 줄을 튕기거나 하면 진동이 생겨 발생. 진동이 매질을 통해 전달됨. 소리는 진동의 이동방향과 매질의 진동방향이 나란한 종파. 나ㅡ파스칼의삼각형 그림. 다ㅡ암세포는 계속 분열. 주변세포 전이시켜 종양만들고 암으로이어짐. 라ㅡ모기,파리 등 곤충들을 통해 병원체 이동. 여행, 교역 더 많아지면서 사람들 접촉 증가ㅡ더쉽게 전염 <U> 1)가~라 공통점? <S> 전달. 가의 경우 발생한 진동이 매질을 통해 전달되어 소리가 발생하기 때문. 나의 경우 위 숫자의 값이 아래 숫자로 전달되어 더해져나가는 형태이기 때문. 다의 경우 암세포가 주변으로 전이되어 비정상적인상태가 전달되기 때문. 라의 경우 매개곤충이나 사람들간의 접촉을 통해 병원체가 전달되기 때문. <U> 2)가,나 와 다,라 의 차이? <S> <|im_end|><|im_start|>assistant
","가,나ㅡ일정한 방향성. 가에서는 매질의 진동이 진동과 나란한 방향으로 진행. 나에서는 위숫자의 값이 아래로 더해지는 방향으로만 전달. 다,라ㅡ방향성에 제한없음 다에서 암세포는 방향 무관하게 주변의 세포 모든 방향으로 전이 라에서 매개곤충이나 사람역시 이동 자유로워 모든 방향으로 병원체 전달.<|im_end|>",train
"<|im_start|>user
<U> 옆 친구: 아까 받은 가번호 스티커, 너도 봉투에 붙였어? <S> 나: 나는 관리위원 분이 봉투에 붙여서 주셨어. 옷에 붙이는 건 아직 안 받았어. <U> 너 스포츠과학전공이야? 가번호 1번? <S> 옆 친구: 응.(끄덕끄덕)  이 대화에서 알 수 있는 건 ‘공공사회학전공’,‘스포츠과학전공’,‘스포츠비즈니스전공’이  모두 한 대기실에서 대기중이었음. 그리고 가번호가 주어지는데 그 가번호를 휴대폰 내는  봉투와 옷에 붙여야 함. 2개가 필요함. 세 전공마다 한 분씩 관리위원이 계셨는데  스포츠과학전공 관리위원분은 가번호가 옷에서 잘 떨어진다고 늦게 배부해주심.  관리위원마다 가번호 나눠주는 타이밍이 다르니까 불안해하지 않아도 됨.  그리고 필요한 거나 궁금한 거 있으면 다 물어보고 확인하기 바람. 괜히 무서워서  안 물어봤다가 모르는 것보다 나음. 애들 대부분 불안해서 이것저것 여쭤보는 분위기였음.  화장실은 자유롭게 왔다갔다 가능했음. 그리고 대기시간 중간에 수험생 유의사항 말씀해주심.  그때 잘 들어야 하는 것도 있으니까 연습한다고 무시하지 말고 잘 듣기. 휴대폰을 포함한  전자기기 소지 일체 안 되고, 모두 관리위원에게 제출. 대기실에서는 자신이 준비해온  종이 형태의 준비물만 보면서 연습할 수 있음. 대기실 입실마감은 9시였으나  실제 면접 시작시간은 9시 30분부터였음. 가번호 1번부터 불려가고 스포츠과학전공같은 경우  다음 번호까지 불려가서 면접장 앞에서 대기함. 나는 가번호 3번이었고, 가번호 1, 2번이었던  친구가 먼저 불려감. 한 15분 후, 9시 45분에 나랑 가번호 4번 부름.  → 면접장 앞 대기: 나랑 가번호 4번 친구는 앉아서 대기. 면접은 중간에 텀없이 한 명 나오면  바로 다음 사람 들어가는 방식이었음. 관리위원 분이 그때 면접장 앞 의자 있는 곳에 계셨는데  몇 마디 얘기 나눔. (필요 없는 대화는 빼고 중요한 대화만 썼음)  관리위원: 들어가면 ‘안녕하십니까, 가번호 몇 번, 누구누구입니다’라고 얘기하면 돼요.  나, 가번호 4번: 이름 얘기해도 돼요? 블라인드 면접이라고 알고 있었는데.  관리위원: (규정 읽어보시고 나한테 보여주시면서) 여기 면접위원에게 가번호, 성명 확인해야  한다고 나와있어요. 이름 얘기해도 돼요. (이때 다른 관리위원에게도 확인해주심)  나: 아, 알겠습니다.  (이 얘기 끝나고 몇 번 목 풀고 나니까 바로 들어오라 그랬음.)  ​  ​  3. 시험 문제 복원 + 나의 답변  → 면접: 면접은 예상했던 것과 달리 비대면으로 진행됐음. 태블릿PC가 놓여져 있었고,  면접장에서 혼자 얘기하는 방식. 관리위원 분께서 같이 들어오셔서 안내해주시고 나감.  나: 안녕하십니까, 가번호 3번, 000입니다. (나는 블라인드 면접 아니어서 이름 말한 거고,  블라인드 면접같은 경우 이름, 출신학교 등 말하면 큰 불이익 받음.)  면접위원1: 네~ 반갑습니다.  나: 네, 반갑습니다! <U> 면접위원1: 우선 2분 동안 지원동기를 포함해서 자기소개 한 번 해볼까요? <S> 나: (준비한 자기소개 함)  면접위원2: 학생 자기소개서를 보니까 일찌감치 헬스 케어 컨설턴트라는 꿈을 가진 것 같은데,  그 분야에 대해서 많은 걸 찾아봤을 것 같아요. 현재 개발되어 있는 다양한 플랫폼과 자신이 <U> 만들고 싶은 플랫폼에 차이가 있다면 어떤 걸까요? <S> 나: (현재 우리나라 플랫폼에 대해 얘기한 후 그와 차별화된 나의 비전을 말함) <U> 면접위원1: 혹시 사회적 약자를 위해서 했던 활동들이 있을까요? <S> 나: (봉사활동 중에 소외된 세계어린이를 위해 한 활동 얘기함) <U> 면접위원3: 개인의 이익과 사회의 이익 중에 어떤 것이 더 중요하다고 생각하세요? <S> 나: (고려대 이념은 ‘공선사후’기 때문에 사회의 이익이 더 중요하다고 답함) <U> 면접위원3: 그렇게 되면, 개인이 침해당하는 경우가 생기지 않을까요? <S> 나: (개인의 권리가 침해당하지 않는 선에서 사회의 이익이 중요하다고 답함)  면접위원2: 자기소개서에 보면 피클볼 경기를 진행할 때 심한 무릎 통증이 있었던 것 같은데, <U> 여기 쓰여져 있는 방법 외에 또 시도해보았던 것이 있나요? <S> 나: (가벼운 풋워크 언급하면서 그 당시 시도했던 다양한 방법에 대해 말함) <U> 면접위원1: 현재 하고 있는 운동이 있나요? <S> <|im_end|><|im_start|>assistant
",나: (피클볼이라는 운동을 꾸준히 하고 있다고 답함)<|im_end|>,train
"<|im_start|>user
<U> (2) 준비실 : 명칭이 정확한지는 잘 모르겠습니다. 고사실(면접실)로 들어가기 전 미리 지문을 보고 답안을 준비하는 시간입니다. 이 때는 모든 조가 다 모여서 한 곳에서 시험봅니다. 1조부터 끝조까지 동시에 14분이라는 시간동안 제시문을  보고 답변을 준비합니다. 물론 과가 다르니 문제도 다르겠죠? <S> (3) 고사실 : 두 분이 앉아계셨고 인상이 참 좋은 분들이었습니다. 친절히 설명해 주시고 편하게 이야기하는 듯 한 느낌이 들었습니다. 제시문 답변 3~4분 정도로 진행하고 서류기반 질문 받으면 됩니다.      03  시험 문제 복원 + 나의 답변     면접과 논술 시간에 있었던 이야기를 잘 적어주세요.  무엇을 물어보았는지, 그리고 그에 대한 나의 답변은 무엇인지 등을 적어주시면 됩니다.     <제시문> - 기억나는 포인트만 짚어서 씁니다.     (가) 비누는 친수성 부분과 소수성 부분으로 이루어져 있다. 물과 친한 친수성부분, 기름과 친한 소수성 부분이 각각 물과 때와 결합한다. 옷감에 있는 때에 결합하여 'OOO'을 형성한다.  (나) 아미노산은 탄소 원자를 중심에 두고 아미노기, 카복시기, 수소 또는 아세틸기(?)와 결합한 구조이다. 아미노산을 액체에 담그면 용액의 액성에 따라 다른 반응을 일으킨다. 산성 용액에 담글 경우 ~, 염기성 용액에 담글 경우 ~. 물에 담글 경우 ~.(각 용액의 액성에 따라 어떤 작용기가 어떤 화학 반응을 일으키는지에 대한 설명이 있었습니다.)  (다) 석탄, 석유와 같은 화석연료의 사용으로 산업화를 이룩할 수 있었으나 지구 온난화, 오존층 파괴, 백내장과 같은 질병 유발이라는 결과를 가져오기도 했다.  (라) 플랑크의 광양자설. E=hf로 전자의 에너지 준위는 불연속적이다.(아무튼 광양자설 얘기)     <문항>  1. 제시문 (가)~(다)에서 공통적으로 연관된 개념을 찾고, 이유를 설명하시오.  2. 1번 문항에 대한 답변을 참고하여 (가)~(다)와 (라)를 비교하시오.  3. 1번 문항에 대한 답변과 관계된 것을 사회 현상에서 찾고, 그 이유를 설명하시오.     <메모장>     처음에 (가)와 (나)를 보고 '결합'이라는 단어를 떠올렸습니다. 그리고 (라)는 기억 상 '빛의 입자성'이었고 광전효과가 입증 이론이니 광전효과를 떠올리고는 (라)를 '분리'라는 단어로 연관지으면 되지 않을까 싶었습니다. 그런데 (다) 지문이 '결합'이라는 걸로 연관 짓기에는 무리가 있었습니다. 화학반응이 일어나니까 화학 반응 속에 결합이 있을 것이다. 이런식으로 가기에는 억지였고,,, 시간은 흐르고,,, (다) 지문에서 다시 생각을 해 봤을 때 화석 연료의 사용으로 긍정적 측면과 부정적 측면이 모두 발생했다.라고 생각을 하니 자연스럽게 '양면성'이 떠올랐습니다. '양면성'이라는 단어를 가지고 (가)와 (나)를 다시 보니 (가)도 물과 기름 양 쪽을 섞이게 하는 것이고 (나)의 아미노산도 양쪽성 물질임이 떠올랐습니다. (사실 양쪽성 물질이 맞나 긴가민가 했습니다. 그래도 그냥 지르기로 했습니다.) 그에 비하면 (라)는 빛의 '이중성' 중에서 입자성만 설명하고 있으므로 (가)~(다)와는 대비됩니다.     14분 준비시간 중에 '결합과 분리'에 꽂혀서 거의 8~9분을 썼습니다. 5~6분 남겨놓고 '양면성'이라는 키워드가 생각났고, 급하게 답안 준비했습니다. 14분 주어진 시간 안에서는 1번과 3번 문항에 대한 답안을 메모해 두었고, 2번 문항은 완전히 해결하지 못한 채 고사실(면접실)로 이동했습니다. 6층에서 3층?4층?으로 내려가는 동안 계속 메모지 보면서 생각했습니다. 다행이 계단 내려가는 도중에 빛의 이중성을 떠올렸고 면접 들어가기 전에 8~9분 정도 앉아서 대기할 때 마무리했습니다. (준비시간 14분이 지나면 메모지에 작성하거나 수정하는 행위는 금지됩니다. 머릿속으로만 생각해야합니다. 대략적인 지문 키워드와 답안 키워드를 적어 왔기때문에 답안을 준비할 수 있었습니다.)     3번 문항에 대한 답변은 '통화 정책'을 생각해 두었습니다. 경제시간에 배웠었는데, 시장에 유통되는 통화량이 작을 때에 통화량을 분배(?)하는 정책을 실시할 경우, 통화량 안정이라는 긍정적 측면도 있지만, 물가 상승 즉 인플레이션 현상이 발생한다는 부정적 측면도 있습니다.     <면접>  고사실(면접실) 들어가기 전 : 이미 한 명이 대기하고 있었습니다. 수험표로 본인 확인을 하고 자리에 앉으니 잠시 후에 지원자 한 분이 고사실(면접실)에서 나왔습니다. 별로 텀 없이 다음 분이 바로 들어가고 (1분도 채 안 되었던 것 같습니다.) 저는 7분가량 대기했습니다. 생각보다 대기 시간이 많아서 답안을 다시 한 번 정리할 수 있었습니다. 앞사람 나오고 나서 거의 곧바로 들어갔습니다.     면접관 : (친절한 설명) 제시문에 대한 답변 먼저 해 주시면 됩니다. 각 문항당 1~2분씩 총 3~4분 내외로 답변해 주시면 됩니다.     면접자 : 네 그럼 1번 문항 먼저 답변 드리겠습니다. [[제시문 문항 답변 진행]]           면접관: 그럼 이제 서류기반 질문 진행하겠습니다. 대회를 굉장히 많이 참여하였는데, 그 중에서 가장 기억에 남는 대회가 있나요? (느낀점이나 배운 점을 설명하라는 뉘앙스 였습니다.)     면접자 : 저는 학술 컨퍼런스가 기억에 남습니다. 주제를 선정하여 몇개월간 연구를 진행하는 것이었습니다. 우선 생명과학과 수학의 결합이라는 것을 알게된 이후로 DNA 분자구조와 매듭이론의 관계에 대한 프로젝트를 진행하였는데, 새로운 것을 알게 되었다는 지적 희열이 가장 컸습니다. 뿐만 아니라 어려운 주제에 맞닦들여서 함께 진행한 파트너와 함께 하브루타 식으로 토론하며 어려움을 헤쳐갔던 것이 기억에 남습니다. <U> 면접관 : 많은 대회에 참여하면 학습에 지장이 갈텐데, 그런데도 다양한 대회에 참가한 이유는 무엇인가요? <S> 면접자 : 고등학교에 진학하고 많은 사람들과 다양한 경험을 쌓고자 참여했습니다. 사실은 더 참여하고 싶었는데 현실적으로 힘들 것 같아 하지 못한 것도 있었습니다. <U> 면접관 : 무슨 대회요? <S> <|im_end|><|im_start|>assistant
","면접자 : 포스문이라고, 아.. (이거 얘기하면 안 되는데..). (1초간 정적) 모의 유엔 대회에 참여하고 싶었으나 시험기간과 겹치는 바람에 참여하지 못했던 것이 아쉽습니다. (살짝 거짓말 섞었음...)<|im_end|>",train
"<|im_start|>user
<U> 질문 ​ <S> <|im_end|><|im_start|>assistant
",1. 제시문 가~라에서 쓰고 있는 설명 방법  2. 1번 방법으로 자연현상이나 과학 원리 설명할 때 고려해야 할 것  3. 에너지 보존 법칙 설명해주고 이 법칙을 1번에서 답한 방식대로 설명  ​  답변​<|im_end|>,train
"<|im_start|>user
<U> 고려대 비닐봉투: 노트북이나 충전기류 가방을 제출하시면 받습니다? <S> <|im_end|><|im_start|>assistant
","​  차타고 오시는거면 주말에 차가 심하게 막히니 시간 잘 생각하기.  ​  물은 화장실 바로 앞에 정수기 있음.  ​  대부분 대기중인 학생들은 자기책을 보고 있었다.  3. 시험 문제 복원 + 나의 답변  ​  sk미래관 이동  신분증 검사  대기실로 이동  신분증 검사  전자기기 제출  대략 30분마다 이동  (출발 7분전부터 화장실 못감)  출발  6전 대기실 앞에 모집  면접실로 이동  수많은 면접실이 있고 각 방에 한명씩 들어가 면접을 본다  친절한 면접보조?관이 이제 여러분을 환영하며 면접방식을 설명해주고  3 2 1 하면 12분 스톱워치를 누를거라고 한다.  3 . 2. 1! 시작  열심히 답변할 것을 적는다.  이제 캠을 바라보고  연습문장을 읽는다  캠이 익숙하지 않는다면 당황할수 있음  이제 캠 녹화를 한다  6분시간을 준다  시간이 끝나면 싸인하고 나간다.  이때 다른 경쟁자?의 이름들을 볼수있다.  sk미래관 로비에서 짐찾고 나오면 부모님들이 촤라라락 서있다.  필자는 거의 막번호라 1시에 들어와 4시에 나왔다.  ​    시험문제  (가) 물 순환 관련 지문  (나) 산유화 -김소월  (다) 함수  (라)  노동권  ​  1번 (가)~(다) 공통개념, 이유  ​  연결 , 각 지문마다 한 사물이나 단어가 각 지문들을 연결시킴  ​  2번 (나)~(다) 에서 물과 같은 역할을 하는 것을 고르시오  ​  (나)는 산, 산이라는 장소에서 모든게 발생하고 일어나는 것이  물이 순환하면서 다른 것들과 연결되는 것과 비슷해서 고름  (다)는 함수  서로 상관없는 것이 함수라는 존재에 의해 연결된다.  이는 마치 물에의해 연결되는 것과 비슷해서 고름  ​  3번 1에서 답한 개념으로 라를 설명해라  ​  사회에선 서로를 존중하고 연대하는 것이 중요하다 및 피고용인과 고용인 관계에서의 연결 즉 신뢰 중요성  이런 식으로 적어서 대답함  ​<|im_end|>",train
"<|im_start|>user
<U> 입사관: 추가적으로 더 하실 말씀 없으신가요? <S> <|im_end|><|im_start|>assistant
",나: 네 없습니다. (직감적으로 뭔가 놓쳤음을 깨달았지만 더 찾아서 말할 자신이 없었음 하ㅏ)    입사관: 네 알겠습니다. 다음으로 생기부 질문을 좀 할게요    ㅡㅡㅡㅡㅡㅡ헛소리 주의ㅡㅡㅡㅡㅡ<|im_end|>,train
"<|im_start|>user
<U> 옆 친구: 아까 받은 가번호 스티커, 너도 봉투에 붙였어? <S> 나: 나는 관리위원 분이 봉투에 붙여서 주셨어. 옷에 붙이는 건 아직 안 받았어. <U> 너 스포츠과학전공이야? 가번호 1번? <S> 옆 친구: 응.(끄덕끄덕)  이 대화에서 알 수 있는 건 ‘공공사회학전공’,‘스포츠과학전공’,‘스포츠비즈니스전공’이  모두 한 대기실에서 대기중이었음. 그리고 가번호가 주어지는데 그 가번호를 휴대폰 내는  봉투와 옷에 붙여야 함. 2개가 필요함. 세 전공마다 한 분씩 관리위원이 계셨는데  스포츠과학전공 관리위원분은 가번호가 옷에서 잘 떨어진다고 늦게 배부해주심.  관리위원마다 가번호 나눠주는 타이밍이 다르니까 불안해하지 않아도 됨.  그리고 필요한 거나 궁금한 거 있으면 다 물어보고 확인하기 바람. 괜히 무서워서  안 물어봤다가 모르는 것보다 나음. 애들 대부분 불안해서 이것저것 여쭤보는 분위기였음.  화장실은 자유롭게 왔다갔다 가능했음. 그리고 대기시간 중간에 수험생 유의사항 말씀해주심.  그때 잘 들어야 하는 것도 있으니까 연습한다고 무시하지 말고 잘 듣기. 휴대폰을 포함한  전자기기 소지 일체 안 되고, 모두 관리위원에게 제출. 대기실에서는 자신이 준비해온  종이 형태의 준비물만 보면서 연습할 수 있음. 대기실 입실마감은 9시였으나  실제 면접 시작시간은 9시 30분부터였음. 가번호 1번부터 불려가고 스포츠과학전공같은 경우  다음 번호까지 불려가서 면접장 앞에서 대기함. 나는 가번호 3번이었고, 가번호 1, 2번이었던  친구가 먼저 불려감. 한 15분 후, 9시 45분에 나랑 가번호 4번 부름.  → 면접장 앞 대기: 나랑 가번호 4번 친구는 앉아서 대기. 면접은 중간에 텀없이 한 명 나오면  바로 다음 사람 들어가는 방식이었음. 관리위원 분이 그때 면접장 앞 의자 있는 곳에 계셨는데  몇 마디 얘기 나눔. (필요 없는 대화는 빼고 중요한 대화만 썼음)  관리위원: 들어가면 ‘안녕하십니까, 가번호 몇 번, 누구누구입니다’라고 얘기하면 돼요.  나, 가번호 4번: 이름 얘기해도 돼요? 블라인드 면접이라고 알고 있었는데.  관리위원: (규정 읽어보시고 나한테 보여주시면서) 여기 면접위원에게 가번호, 성명 확인해야  한다고 나와있어요. 이름 얘기해도 돼요. (이때 다른 관리위원에게도 확인해주심)  나: 아, 알겠습니다.  (이 얘기 끝나고 몇 번 목 풀고 나니까 바로 들어오라 그랬음.)  ​  ​  3. 시험 문제 복원 + 나의 답변  → 면접: 면접은 예상했던 것과 달리 비대면으로 진행됐음. 태블릿PC가 놓여져 있었고,  면접장에서 혼자 얘기하는 방식. 관리위원 분께서 같이 들어오셔서 안내해주시고 나감.  나: 안녕하십니까, 가번호 3번, 000입니다. (나는 블라인드 면접 아니어서 이름 말한 거고,  블라인드 면접같은 경우 이름, 출신학교 등 말하면 큰 불이익 받음.)  면접위원1: 네~ 반갑습니다.  나: 네, 반갑습니다! <U> 면접위원1: 우선 2분 동안 지원동기를 포함해서 자기소개 한 번 해볼까요? <S> 나: (준비한 자기소개 함)  면접위원2: 학생 자기소개서를 보니까 일찌감치 헬스 케어 컨설턴트라는 꿈을 가진 것 같은데,  그 분야에 대해서 많은 걸 찾아봤을 것 같아요. 현재 개발되어 있는 다양한 플랫폼과 자신이 <U> 만들고 싶은 플랫폼에 차이가 있다면 어떤 걸까요? <S> <|im_end|><|im_start|>assistant
",나: (현재 우리나라 플랫폼에 대해 얘기한 후 그와 차별화된 나의 비전을 말함)<|im_end|>,train
"<|im_start|>user
<U> (2) 준비실 : 명칭이 정확한지는 잘 모르겠습니다. 고사실(면접실)로 들어가기 전 미리 지문을 보고 답안을 준비하는 시간입니다. 이 때는 모든 조가 다 모여서 한 곳에서 시험봅니다. 1조부터 끝조까지 동시에 14분이라는 시간동안 제시문을  보고 답변을 준비합니다. 물론 과가 다르니 문제도 다르겠죠? <S> (3) 고사실 : 두 분이 앉아계셨고 인상이 참 좋은 분들이었습니다. 친절히 설명해 주시고 편하게 이야기하는 듯 한 느낌이 들었습니다. 제시문 답변 3~4분 정도로 진행하고 서류기반 질문 받으면 됩니다.      03  시험 문제 복원 + 나의 답변     면접과 논술 시간에 있었던 이야기를 잘 적어주세요.  무엇을 물어보았는지, 그리고 그에 대한 나의 답변은 무엇인지 등을 적어주시면 됩니다.     <제시문> - 기억나는 포인트만 짚어서 씁니다.     (가) 비누는 친수성 부분과 소수성 부분으로 이루어져 있다. 물과 친한 친수성부분, 기름과 친한 소수성 부분이 각각 물과 때와 결합한다. 옷감에 있는 때에 결합하여 'OOO'을 형성한다.  (나) 아미노산은 탄소 원자를 중심에 두고 아미노기, 카복시기, 수소 또는 아세틸기(?)와 결합한 구조이다. 아미노산을 액체에 담그면 용액의 액성에 따라 다른 반응을 일으킨다. 산성 용액에 담글 경우 ~, 염기성 용액에 담글 경우 ~. 물에 담글 경우 ~.(각 용액의 액성에 따라 어떤 작용기가 어떤 화학 반응을 일으키는지에 대한 설명이 있었습니다.)  (다) 석탄, 석유와 같은 화석연료의 사용으로 산업화를 이룩할 수 있었으나 지구 온난화, 오존층 파괴, 백내장과 같은 질병 유발이라는 결과를 가져오기도 했다.  (라) 플랑크의 광양자설. E=hf로 전자의 에너지 준위는 불연속적이다.(아무튼 광양자설 얘기)     <문항>  1. 제시문 (가)~(다)에서 공통적으로 연관된 개념을 찾고, 이유를 설명하시오.  2. 1번 문항에 대한 답변을 참고하여 (가)~(다)와 (라)를 비교하시오.  3. 1번 문항에 대한 답변과 관계된 것을 사회 현상에서 찾고, 그 이유를 설명하시오.     <메모장>     처음에 (가)와 (나)를 보고 '결합'이라는 단어를 떠올렸습니다. 그리고 (라)는 기억 상 '빛의 입자성'이었고 광전효과가 입증 이론이니 광전효과를 떠올리고는 (라)를 '분리'라는 단어로 연관지으면 되지 않을까 싶었습니다. 그런데 (다) 지문이 '결합'이라는 걸로 연관 짓기에는 무리가 있었습니다. 화학반응이 일어나니까 화학 반응 속에 결합이 있을 것이다. 이런식으로 가기에는 억지였고,,, 시간은 흐르고,,, (다) 지문에서 다시 생각을 해 봤을 때 화석 연료의 사용으로 긍정적 측면과 부정적 측면이 모두 발생했다.라고 생각을 하니 자연스럽게 '양면성'이 떠올랐습니다. '양면성'이라는 단어를 가지고 (가)와 (나)를 다시 보니 (가)도 물과 기름 양 쪽을 섞이게 하는 것이고 (나)의 아미노산도 양쪽성 물질임이 떠올랐습니다. (사실 양쪽성 물질이 맞나 긴가민가 했습니다. 그래도 그냥 지르기로 했습니다.) 그에 비하면 (라)는 빛의 '이중성' 중에서 입자성만 설명하고 있으므로 (가)~(다)와는 대비됩니다.     14분 준비시간 중에 '결합과 분리'에 꽂혀서 거의 8~9분을 썼습니다. 5~6분 남겨놓고 '양면성'이라는 키워드가 생각났고, 급하게 답안 준비했습니다. 14분 주어진 시간 안에서는 1번과 3번 문항에 대한 답안을 메모해 두었고, 2번 문항은 완전히 해결하지 못한 채 고사실(면접실)로 이동했습니다. 6층에서 3층?4층?으로 내려가는 동안 계속 메모지 보면서 생각했습니다. 다행이 계단 내려가는 도중에 빛의 이중성을 떠올렸고 면접 들어가기 전에 8~9분 정도 앉아서 대기할 때 마무리했습니다. (준비시간 14분이 지나면 메모지에 작성하거나 수정하는 행위는 금지됩니다. 머릿속으로만 생각해야합니다. 대략적인 지문 키워드와 답안 키워드를 적어 왔기때문에 답안을 준비할 수 있었습니다.)     3번 문항에 대한 답변은 '통화 정책'을 생각해 두었습니다. 경제시간에 배웠었는데, 시장에 유통되는 통화량이 작을 때에 통화량을 분배(?)하는 정책을 실시할 경우, 통화량 안정이라는 긍정적 측면도 있지만, 물가 상승 즉 인플레이션 현상이 발생한다는 부정적 측면도 있습니다.     <면접>  고사실(면접실) 들어가기 전 : 이미 한 명이 대기하고 있었습니다. 수험표로 본인 확인을 하고 자리에 앉으니 잠시 후에 지원자 한 분이 고사실(면접실)에서 나왔습니다. 별로 텀 없이 다음 분이 바로 들어가고 (1분도 채 안 되었던 것 같습니다.) 저는 7분가량 대기했습니다. 생각보다 대기 시간이 많아서 답안을 다시 한 번 정리할 수 있었습니다. 앞사람 나오고 나서 거의 곧바로 들어갔습니다.     면접관 : (친절한 설명) 제시문에 대한 답변 먼저 해 주시면 됩니다. 각 문항당 1~2분씩 총 3~4분 내외로 답변해 주시면 됩니다.     면접자 : 네 그럼 1번 문항 먼저 답변 드리겠습니다. [[제시문 문항 답변 진행]]           면접관: 그럼 이제 서류기반 질문 진행하겠습니다. 대회를 굉장히 많이 참여하였는데, 그 중에서 가장 기억에 남는 대회가 있나요? (느낀점이나 배운 점을 설명하라는 뉘앙스 였습니다.)     면접자 : 저는 학술 컨퍼런스가 기억에 남습니다. 주제를 선정하여 몇개월간 연구를 진행하는 것이었습니다. 우선 생명과학과 수학의 결합이라는 것을 알게된 이후로 DNA 분자구조와 매듭이론의 관계에 대한 프로젝트를 진행하였는데, 새로운 것을 알게 되었다는 지적 희열이 가장 컸습니다. 뿐만 아니라 어려운 주제에 맞닦들여서 함께 진행한 파트너와 함께 하브루타 식으로 토론하며 어려움을 헤쳐갔던 것이 기억에 남습니다. <U> 면접관 : 많은 대회에 참여하면 학습에 지장이 갈텐데, 그런데도 다양한 대회에 참가한 이유는 무엇인가요? <S> 면접자 : 고등학교에 진학하고 많은 사람들과 다양한 경험을 쌓고자 참여했습니다. 사실은 더 참여하고 싶었는데 현실적으로 힘들 것 같아 하지 못한 것도 있었습니다. <U> 면접관 : 무슨 대회요? <S> 면접자 : 포스문이라고, 아.. (이거 얘기하면 안 되는데..). (1초간 정적) 모의 유엔 대회에 참여하고 싶었으나 시험기간과 겹치는 바람에 참여하지 못했던 것이 아쉽습니다. (살짝 거짓말 섞었음...) <U> 면접관 : 동아리 활동을 보면, 3년 내내 상담 동아리 활동만 한 것 같은데, 따로 특별히 생명과학과 관련하여 활동한 것이 있나요? <S> 면접자 : 네, 그 정규 동아리로 활동한 상담 동아리 말고, 자율동아리로 뇌과학 동아리를 조직하여 활동하였습니다. <U> 면접관 : 동아리를 직접 만든 것인가요? <S> 면접자 : (잠깐 고민, 이걸 갑자기 왜 물어보는 거지?) 네, 6명이서 같이 만들었습니다. (사실은 학교에서 동아리를 만들라고 시간도 주고 장소도 주고 합니다. 뜻이 맞는 친구들끼리 한 학기동안 동아리 활동을 하는 것이죠. 제 생각에는 면접관께서는 학교의 정규 동아리를 개설하는 수준으로 생각하신 듯합니다. 사실은 그게 아닌데,,,) <U> 면접관 : 동아리 활동의 궁극적인 목표는 무엇이었나요? <S> 면접자 : 음...(당황) '뇌에 대해서 잘 알자!' 였습니다. <U> 면접관 : (피식) 그게 다인가요? 보충 설명 안 할거에요? <S> <|im_end|><|im_start|>assistant
",면접관 : 동아리 활동을 하면서 배우고 느낀 점이 있다면?(이 표현이 아니었는데 아무튼 이런 뉘앙스였습니다.)     면접자 : (답변)<|im_end|>,train
"<|im_start|>user
<U> 옆 친구: 아까 받은 가번호 스티커, 너도 봉투에 붙였어? <S> 나: 나는 관리위원 분이 봉투에 붙여서 주셨어. 옷에 붙이는 건 아직 안 받았어. <U> 너 스포츠과학전공이야? 가번호 1번? <S> <|im_end|><|im_start|>assistant
","옆 친구: 응.(끄덕끄덕)  이 대화에서 알 수 있는 건 ‘공공사회학전공’,‘스포츠과학전공’,‘스포츠비즈니스전공’이  모두 한 대기실에서 대기중이었음. 그리고 가번호가 주어지는데 그 가번호를 휴대폰 내는  봉투와 옷에 붙여야 함. 2개가 필요함. 세 전공마다 한 분씩 관리위원이 계셨는데  스포츠과학전공 관리위원분은 가번호가 옷에서 잘 떨어진다고 늦게 배부해주심.  관리위원마다 가번호 나눠주는 타이밍이 다르니까 불안해하지 않아도 됨.  그리고 필요한 거나 궁금한 거 있으면 다 물어보고 확인하기 바람. 괜히 무서워서  안 물어봤다가 모르는 것보다 나음. 애들 대부분 불안해서 이것저것 여쭤보는 분위기였음.  화장실은 자유롭게 왔다갔다 가능했음. 그리고 대기시간 중간에 수험생 유의사항 말씀해주심.  그때 잘 들어야 하는 것도 있으니까 연습한다고 무시하지 말고 잘 듣기. 휴대폰을 포함한  전자기기 소지 일체 안 되고, 모두 관리위원에게 제출. 대기실에서는 자신이 준비해온  종이 형태의 준비물만 보면서 연습할 수 있음. 대기실 입실마감은 9시였으나  실제 면접 시작시간은 9시 30분부터였음. 가번호 1번부터 불려가고 스포츠과학전공같은 경우  다음 번호까지 불려가서 면접장 앞에서 대기함. 나는 가번호 3번이었고, 가번호 1, 2번이었던  친구가 먼저 불려감. 한 15분 후, 9시 45분에 나랑 가번호 4번 부름.  → 면접장 앞 대기: 나랑 가번호 4번 친구는 앉아서 대기. 면접은 중간에 텀없이 한 명 나오면  바로 다음 사람 들어가는 방식이었음. 관리위원 분이 그때 면접장 앞 의자 있는 곳에 계셨는데  몇 마디 얘기 나눔. (필요 없는 대화는 빼고 중요한 대화만 썼음)  관리위원: 들어가면 ‘안녕하십니까, 가번호 몇 번, 누구누구입니다’라고 얘기하면 돼요.  나, 가번호 4번: 이름 얘기해도 돼요? 블라인드 면접이라고 알고 있었는데.  관리위원: (규정 읽어보시고 나한테 보여주시면서) 여기 면접위원에게 가번호, 성명 확인해야  한다고 나와있어요. 이름 얘기해도 돼요. (이때 다른 관리위원에게도 확인해주심)  나: 아, 알겠습니다.  (이 얘기 끝나고 몇 번 목 풀고 나니까 바로 들어오라 그랬음.)  ​  ​  3. 시험 문제 복원 + 나의 답변  → 면접: 면접은 예상했던 것과 달리 비대면으로 진행됐음. 태블릿PC가 놓여져 있었고,  면접장에서 혼자 얘기하는 방식. 관리위원 분께서 같이 들어오셔서 안내해주시고 나감.  나: 안녕하십니까, 가번호 3번, 000입니다. (나는 블라인드 면접 아니어서 이름 말한 거고,  블라인드 면접같은 경우 이름, 출신학교 등 말하면 큰 불이익 받음.)  면접위원1: 네~ 반갑습니다.  나: 네, 반갑습니다!<|im_end|>",train
"<|im_start|>user
<U> 질문 2: ㉠이와 같은 불신을 야기하는 사회적 불평등의 예시를 들고, 정의로운 사회를 실현하기 위한 방안에 대해 자유롭게 말해보시오. <S> 면접준비실에서 14분 동안 질문에 대한 답변을 정리하고 나면 엘리베이터를 타고 다른 장소로 이동합니다. 이동해서는 조교분께 면접 관련 설명을 듣고(블라인드 면접이라 개인정보 말씀하시면 안 돼요 등등) 면접실 앞에서 대기합니다. 앞 친구가 저처럼 아주 빨리 끝나지 않는 이상 제시문 답변 쭉 정리해볼 시간은 되는 것 같아요(그래도 혹시 모르니까 기왕이면 준비실에서 주어진 시간 내 말하기 개요를 짜 놓으세요. 저도 시간 있다는 말은 들었지만 혹시 몰라 준비실에서 제시문 답변에 대한 준비를 마쳤습니다). 대기하는 동안에는 제시문은 볼 수 없고, 자신의 면접 답변 종이만 가지고 조용히 연습할 수 있습니다. 답변 종이에 추가적으로 필기 등은 할 수 없어요. 앞 친구가 나오면 조교분이 문을 열어 주십니다. 면접관은 2분이셨고, 추측하기로 한 분은 제시문 평가를 담당하시는 남자 입학사정관님, 다른 한 분은 생기부 평가를 담당하시는 여자 교수님이셨습니다. 여자 교수님은... 홈페이지에서 교수진 확인했던 기억을 더듬어보면 개화기 문학 전공하신 권보드래 교수님이셨던 것 같아요(추정). 남자 면접관님은 제시문 답변이 끝나자마자 저에 대한 관심을 급격하게 잃어버리셨고(...) 여자 면접관님은 모든 대답에 대해 온화한 표정으로 웃으며 저와 시선을 맞춰주셨습니다. 시선 분배는 제시문 면접에서는 5:5, 생기부 면접에서는 4:6 정도로(질문하신 분께 시선을 더 드리는 게 예의라고 생각해서...) 분배했던 걸로 기억합니다.        조교: 1조 14번 학생입니다. (가번호를 먼저 말씀해 주시는 바람에 인사할 타이밍을 놓침)  나: (꾸벅 인사함) 안녕하세요!  남자 면접관: 아, 거기 앉으세요.  나: (다시 꾸벅) 감사합니다. (의자에 앉음)  남자 면접관: 제시문 답변 준비해 오셨죠? 준비해 온 내용을 바탕으로 3분 동안 시간조절을 잘 해서 답변하시면 됩니다. 반드시 1번 질문 다음 2번 질문에 대한 답변을 하는 식으로 답변 순서를 지켜주세요.  나: 네, 알겠습니다.  남자 면접관: 그럼 시작하세요.     나: 먼저 1번 질문에 대해 답변하겠습니다. 저는 아리스토텔레스의 ‘사회적 행위는 그 의도와 목적에 따라 결정된다’는 주장을 근거로 B가 보다 적절한 세금 환급 방안이라고 생각합니다. 세금 환급의 목적은 재분배, 즉 빈부격차의 감소와 사회적 재분배의 역할을 의도하고 있습니다. 따라서 적절한 세금 환급 정책에 대한 판단은 환급 정책이 그 기능인 재분배의 역할을 다하고 있느냐 아니냐에 따라 결정되어야 합니다. 방안 A의 경우 소득 수준이 높은 계층에게 세금을 많이 돌려줌으로써, 결론적으로 모든 계층이 동등하게 2.5%의 세금을 국가에 납부하는 형태를 띠고 있습니다(왜 이런 비율이 나오는지도 해석했으면 좋을 뻔했죠). 이 경우 모든 계층이 동등한 비율의 세금을 납부하고, 동등한 비율의 세금을 환급받기 때문에 세금 환급 정책의 목적인 재분배가 제대로 달성되지 않고 있다고 생각합니다. 반면 방안 B의 경우 소득 수준이 낮은 계층에게 세금을 많이 돌려줌으로써, 소득 수준이 높은 계층은 세금을 높은 비율로 납부하고 낮은 계층은 낮은 비율로 납부하는 누진세의 형태를 띱니다. 따라서 방안 B는 소득 수준이 낮은 계층에게 높은 세금 환급액을 보장함으로써 사회적 재분배의 역할을 다하고 있다고 볼 수 있습니다. 그러므로 저는 아리스토텔레스의 견해에 비추어, 방안 B가 A보다 적절한 세금 환급 방안이라고 생각합니다.     다음으로 2번 질문에 대해 답변하겠습니다. 우선, ㉠에서 이야기하는 ‘이와 같은 불신’은 법 집행이 제대로 되지 않는다는 생각, 현재 대한민국 사회는 성공하기 어려운 사회라는 생각, 개인적 노력만으로는 자신의 현재 계층에서 벗어날 수 없다는 생각을 포함하고 있습니다. 이러한 불신이 야기되는 원인 중 하나인 사회적 불평등의 대표적인 예시를 저는 부모 계층의 대물림화 현상이라고 보았습니다. 부모의 경제적 지위는 교육, 보건, 정치 등 자녀의 경제적 계층뿐 아니라 다른 영역에도 큰 영향을 미칩니다. 예를 들어 부모의 경제적 지위가 자녀의 교육에 미치는 영향을 들 수 있는데요, 소득 수준이 낮은 계층의 경우 사교육에 대한 접근 기회가 부족하고, 집안 생계 유지 등으로 인해 공부에 온전히 집중할 수 없는 반면, 소득 수준이 높은 계층의 경우 사교육에 대한 접근 기회가 상대적으로 높은데다가 다른 걱정 없이 자신의 공부에만 온전히 집중할 수 있습니다. 이러한 교육 격차는 학업 수준의 차이를 야기하고, 결국 계층의 대물림화를 공고히 하는 악순환이 반복됩니다. 저는 이러한 사회적 불평등을 해결하고 정의로운 사회를 이룩하기 위해서는 (여기서 본인이 생각하는 정의에 대해 먼저 정의하고 들어갔으면 더 좋았겠다는 생각이 듭니다. 당시의 저는 제시문 (가)에서 이미 사회 정의에 대한 개념 정의를 하고 있기 때문에 굳이 중복되는 내용(본인이 생각하는 정의 또한 공정으로서의 정의였음)을 말할 필요가 없다고 생각해 생략했습니다.) 우선, 롤스가 자신의 절차적 정의를 통해, 저서 <정의론>을 통해 주장했던 최대 수혜자에게 최대 이익을 주는 제도가 정비되어야 한다고 생각합니다. 누진세나 소득세 등 선천적인 경제적 지위가 개인에게 너무 큰 영향을 주지 않도록 하는 제도가 우선적으로 확립되어야 할 것입니다. 다음으로는 경제 등의 한 분야가 다른 분야의 가치를 지배하지 않도록 하기 위해, 왈처가 말했던 것처럼 각 분야 간의 경계를 뚜렷이 해야 한다고 생각합니다. (그 방안이 구체적으로 무엇인지 말했어야 했을 것 같은데 이 부분은 아쉽습니다. 또, 왈처 복합평등의 정의나 분배 영역에서의 정의 등의 개념을 설명했으면 더 좋았을 것 같아요.) 마지막으로 앞에서 언급했던 과정에 있어서는 마이클 샌델이 자신의 저서, <Public Philosophy>에서 말했던 것처럼(책 제목이 한글로는 정확히 기억나지 않아 그냥 영어로 말함) 모든 계층이 자유롭게 참여할 수 있는 담론장 구성이 필요하며(원래 하버마스 추가해서 말하고 싶었는데 타이밍 놓침), 성숙한 심의 민주주의의 구현이 필요하다고 생각합니다. 이상으로 제시문에 대한 답변 마치겠습니다. 감사합니다.        여자 면접관: 지금부터 생기부 관련해 질문할게요.  나: (3분이 안 된 것 같은데 왜 더 하고 싶은 말 있나요 이런 질문이 없지? 여기서 조금 당황) 아, 네!  여자 면접관: 국어국문학과에 왜 지원하게 됐어요? (지원동기)  나: 2학년 문학 시간, 전상국 작가의 ‘우상의 눈물’을 읽고 문학이 사회에 미칠 수 있는 영향에 관심을 갖게 되었습니다. 그때까지 단순히 취미, 그러니까... 흥미를 위해서만 읽는다고 생각했던 문학이 사회적으로도 큰 의의를 가질 수 있다는 점이 놀라웠습니다. 이후 문학에 관심을 갖고 작품을 탐독하면서... (이 다음에도 뭔가 설명을 했던 것 같은데 기억이 안 나네요ㅠㅠ 장래희망 이야기하면서 ~~한 이유로 고려대학교 국어국문학과에 지원하게 되었습니다. 라고 무난하게 끝마쳤던 것 같습니다.) <U> 여자 면접관: ‘우상의 눈물’ 외에 사회적 상황을 반영하는 다른 작품을... 한 두어 개 정도 설명해 볼까요? <S> <|im_end|><|im_start|>assistant
","나: 저는 사회상을 반영하는 문학 작품으로 3학년 사회과학방법론 시간 연구자료로 이용했던 윤흥길의 ‘아홉 켤레의 구두로 남은 사내’와 박민규의 ‘그렇습니까, 기린입니다’를 꼽고 싶습니다. 우선 윤흥길의 ‘아홉 켤레의 구두로 남은 사내’의 경우 광주대단지 사건에 대해 사실적으로 조명한 작품인데, 광주대단지 사건의 직접적인 당사자를 주인공으로 설정함으로써 독자들로 하여금 해당 사건에 관심을 갖게 만들고, 심각성을 느끼도록 했습니다. 박민규의 ‘그렇습니까, 기린입니다’의 경우 현대 대한민국의 자본주의 아래 도시 하층민의 삶을 이야기함으로써 사람들이 그들의 삶에 공감하고... (잠깐 더듬었음) 아니, 공감하게 하는 역할을 했다고 생각합니다.  여자 면접관: 좋아요. 지원자는 장래희망이 문학 비평가잖아요. 그러면 우리 대학에 와서 어떤 공부를 더 하고 싶어요? (학업계획에 대한 질문을 하고 싶으셨던 것 같은데, 장래희망 얘기를 왜 하셨는지 잘 모르겠습니다... 저는 비평가에게 필요한 자질을 학업계획과 엮어서 설명해야겠다는 생각을 했습니다.)  나: 우선 비평가에게 필요한 자질은 문학사를 파악하는 능력이라고 생각합니다. 문학사를 파악한다는 것은 곧 해당 문학이 창작된 사회적 맥락을 확인할 수 있다는 의미이므로, 비평에 있어 한국문학사에 대한 이해는 필수적이라고 할 수 있습니다. (그 외 추가적으로 설명을 했던 것 같은데 기억 안 남)  여자 면접관: (서두에서 자질 얘기만 하니까 질문을 다시 말씀해 주시려고 하셨는지 무언가 말씀하려고 하심. 그런데 말하다가 끊기가 애매해서... 거기다 이게 답변 끝이 아니라서... 더 할말 있다는 시그널을 보내니까 계속하라는 손짓 하셨음. 두괄식으로 먼저 과목에 대한 이야기를 했어야 했는데 아쉽습니다.)  나: 물론 고등학교에서도 문학사의 흐름에 대한 대략적인 공부를 하긴 했지만, 그것만으로는 부족하다고 생각했습니다. 때문에 고려대학교에 입학해서는 고전문학부터 현대문학까지 아우르는 고려대학교의 다양한 문학사 강의를 들으며 문학사에 대한 공부를 하고 싶습니다. (여기서 여자 면접관분이 끄덕끄덕 하심) 고려대학교의 양질의 강의는 제가 비평가로서 필요한 자질을 기르는 데 큰 도움이 될 것입니다.  여자 면접관: 수고하셨습니다. 이제 나가시면 돼요.<|im_end|>",train
"<|im_start|>user
<U> Q. 2번 문항에서 인공신경망에 대해 좀 더 자세히 말해볼래요? <S> A. 음.. 인공신경망이란 입력 값을 받고 이것에 가중치를 곱해서 다 더한 값이 1보다 작을 땐,.. 아 가장 간단한 예시로 단층 퍼셉트론에서는 출력값이 0또는 1이 나와야 하는데 이 합을 활성화함수를 거쳐 1보다 작으면 0으로 출력하고 그렇지 않으면 1로 출력한다는 점에서 뉴런과 유사하다고 생각했고.. 실제로도 그렇다고 생각합니다..(엄청 횡설수설함) <U> Q. 학교에서 어떤 인공신경망 공부해봤어요? 뭐 해봤어요? (이런 느낌의 질문이었는데 잘 기억안남.) <S> A. 저는 학교에서 인공지능을 통한 사용자 메시지 속 감정 분석을 하기 위해 RNN을 사용했던 적이 있습니다. RNN이란 이전의 계산값이 출력값에 영향을 미쳐 텍스트의 흐름이나 전체적인 문맥을 파악하는데 쓰이는 것입니다. (뭐라 더 했던 것 같은데 기억이 안남) <U> Q. 그럼 학생이 그 RNN을 구현할 때 무슨 역할을 하셨나요? <S> A. 아, 사실 이것이 인공지능만 구현한 것이 아니라 앱을 구현하는 프로젝트였는데요, 저는 그 중에서도 장고를 이용해 웹 서버를 구현하고 나머지 개발을 보조?하는 서브 개발자를 맡아서 친구와 함께 개발했었습니다. <U> Q. 아 그럼 장고로 웹서버 구현하고 인공신경망의 일부를 도와서 개발했다는 거죠? <S> A. 아 네! 맞습니다. <U> Q. 2학년 2학기에 수학 성적이 많이 낮은데.. 혹시 이것 때문인가요? <S> <|im_end|><|im_start|>assistant
",A. 네..ㅎㅎㅎ 아무래도 그게 영향을 미쳤던 것 같습니다.<|im_end|>,train
"<|im_start|>user
<U> (2) 준비실 : 명칭이 정확한지는 잘 모르겠습니다. 고사실(면접실)로 들어가기 전 미리 지문을 보고 답안을 준비하는 시간입니다. 이 때는 모든 조가 다 모여서 한 곳에서 시험봅니다. 1조부터 끝조까지 동시에 14분이라는 시간동안 제시문을  보고 답변을 준비합니다. 물론 과가 다르니 문제도 다르겠죠? <S> (3) 고사실 : 두 분이 앉아계셨고 인상이 참 좋은 분들이었습니다. 친절히 설명해 주시고 편하게 이야기하는 듯 한 느낌이 들었습니다. 제시문 답변 3~4분 정도로 진행하고 서류기반 질문 받으면 됩니다.      03  시험 문제 복원 + 나의 답변     면접과 논술 시간에 있었던 이야기를 잘 적어주세요.  무엇을 물어보았는지, 그리고 그에 대한 나의 답변은 무엇인지 등을 적어주시면 됩니다.     <제시문> - 기억나는 포인트만 짚어서 씁니다.     (가) 비누는 친수성 부분과 소수성 부분으로 이루어져 있다. 물과 친한 친수성부분, 기름과 친한 소수성 부분이 각각 물과 때와 결합한다. 옷감에 있는 때에 결합하여 'OOO'을 형성한다.  (나) 아미노산은 탄소 원자를 중심에 두고 아미노기, 카복시기, 수소 또는 아세틸기(?)와 결합한 구조이다. 아미노산을 액체에 담그면 용액의 액성에 따라 다른 반응을 일으킨다. 산성 용액에 담글 경우 ~, 염기성 용액에 담글 경우 ~. 물에 담글 경우 ~.(각 용액의 액성에 따라 어떤 작용기가 어떤 화학 반응을 일으키는지에 대한 설명이 있었습니다.)  (다) 석탄, 석유와 같은 화석연료의 사용으로 산업화를 이룩할 수 있었으나 지구 온난화, 오존층 파괴, 백내장과 같은 질병 유발이라는 결과를 가져오기도 했다.  (라) 플랑크의 광양자설. E=hf로 전자의 에너지 준위는 불연속적이다.(아무튼 광양자설 얘기)     <문항>  1. 제시문 (가)~(다)에서 공통적으로 연관된 개념을 찾고, 이유를 설명하시오.  2. 1번 문항에 대한 답변을 참고하여 (가)~(다)와 (라)를 비교하시오.  3. 1번 문항에 대한 답변과 관계된 것을 사회 현상에서 찾고, 그 이유를 설명하시오.     <메모장>     처음에 (가)와 (나)를 보고 '결합'이라는 단어를 떠올렸습니다. 그리고 (라)는 기억 상 '빛의 입자성'이었고 광전효과가 입증 이론이니 광전효과를 떠올리고는 (라)를 '분리'라는 단어로 연관지으면 되지 않을까 싶었습니다. 그런데 (다) 지문이 '결합'이라는 걸로 연관 짓기에는 무리가 있었습니다. 화학반응이 일어나니까 화학 반응 속에 결합이 있을 것이다. 이런식으로 가기에는 억지였고,,, 시간은 흐르고,,, (다) 지문에서 다시 생각을 해 봤을 때 화석 연료의 사용으로 긍정적 측면과 부정적 측면이 모두 발생했다.라고 생각을 하니 자연스럽게 '양면성'이 떠올랐습니다. '양면성'이라는 단어를 가지고 (가)와 (나)를 다시 보니 (가)도 물과 기름 양 쪽을 섞이게 하는 것이고 (나)의 아미노산도 양쪽성 물질임이 떠올랐습니다. (사실 양쪽성 물질이 맞나 긴가민가 했습니다. 그래도 그냥 지르기로 했습니다.) 그에 비하면 (라)는 빛의 '이중성' 중에서 입자성만 설명하고 있으므로 (가)~(다)와는 대비됩니다.     14분 준비시간 중에 '결합과 분리'에 꽂혀서 거의 8~9분을 썼습니다. 5~6분 남겨놓고 '양면성'이라는 키워드가 생각났고, 급하게 답안 준비했습니다. 14분 주어진 시간 안에서는 1번과 3번 문항에 대한 답안을 메모해 두었고, 2번 문항은 완전히 해결하지 못한 채 고사실(면접실)로 이동했습니다. 6층에서 3층?4층?으로 내려가는 동안 계속 메모지 보면서 생각했습니다. 다행이 계단 내려가는 도중에 빛의 이중성을 떠올렸고 면접 들어가기 전에 8~9분 정도 앉아서 대기할 때 마무리했습니다. (준비시간 14분이 지나면 메모지에 작성하거나 수정하는 행위는 금지됩니다. 머릿속으로만 생각해야합니다. 대략적인 지문 키워드와 답안 키워드를 적어 왔기때문에 답안을 준비할 수 있었습니다.)     3번 문항에 대한 답변은 '통화 정책'을 생각해 두었습니다. 경제시간에 배웠었는데, 시장에 유통되는 통화량이 작을 때에 통화량을 분배(?)하는 정책을 실시할 경우, 통화량 안정이라는 긍정적 측면도 있지만, 물가 상승 즉 인플레이션 현상이 발생한다는 부정적 측면도 있습니다.     <면접>  고사실(면접실) 들어가기 전 : 이미 한 명이 대기하고 있었습니다. 수험표로 본인 확인을 하고 자리에 앉으니 잠시 후에 지원자 한 분이 고사실(면접실)에서 나왔습니다. 별로 텀 없이 다음 분이 바로 들어가고 (1분도 채 안 되었던 것 같습니다.) 저는 7분가량 대기했습니다. 생각보다 대기 시간이 많아서 답안을 다시 한 번 정리할 수 있었습니다. 앞사람 나오고 나서 거의 곧바로 들어갔습니다.     면접관 : (친절한 설명) 제시문에 대한 답변 먼저 해 주시면 됩니다. 각 문항당 1~2분씩 총 3~4분 내외로 답변해 주시면 됩니다.     면접자 : 네 그럼 1번 문항 먼저 답변 드리겠습니다. [[제시문 문항 답변 진행]]           면접관: 그럼 이제 서류기반 질문 진행하겠습니다. 대회를 굉장히 많이 참여하였는데, 그 중에서 가장 기억에 남는 대회가 있나요? (느낀점이나 배운 점을 설명하라는 뉘앙스 였습니다.)     면접자 : 저는 학술 컨퍼런스가 기억에 남습니다. 주제를 선정하여 몇개월간 연구를 진행하는 것이었습니다. 우선 생명과학과 수학의 결합이라는 것을 알게된 이후로 DNA 분자구조와 매듭이론의 관계에 대한 프로젝트를 진행하였는데, 새로운 것을 알게 되었다는 지적 희열이 가장 컸습니다. 뿐만 아니라 어려운 주제에 맞닦들여서 함께 진행한 파트너와 함께 하브루타 식으로 토론하며 어려움을 헤쳐갔던 것이 기억에 남습니다. <U> 면접관 : 많은 대회에 참여하면 학습에 지장이 갈텐데, 그런데도 다양한 대회에 참가한 이유는 무엇인가요? <S> <|im_end|><|im_start|>assistant
",면접자 : 고등학교에 진학하고 많은 사람들과 다양한 경험을 쌓고자 참여했습니다. 사실은 더 참여하고 싶었는데 현실적으로 힘들 것 같아 하지 못한 것도 있었습니다.<|im_end|>,train
"<|im_start|>user
<U> 면접관:그럼 그 꿈을 이루기 위해 했던 활동 중 기억에 남는거 있나요? <S> 기억남는거 하나를 꼽자면 과제연구를 꼽고 싶습니다. 실제로 저희 학..(말꼬임) 아 주제부터 말씀 드리면 ‘아두이노를 이용한 자동방향시스템 구축’을 주제로 했습니다. 저희 학교 화장실에 악취문제가 종종 있었고 실제 친구들이 이에 대한 불만을 자주 표출했었습니다. 저는 이를 인지했고 이를 해결하기 위한 수단으로 아두이노를 선택해 프로그래밍을 통해 실생활의 문제를 해결해 프로그래머가 느끼는 성취감을 경험해볼 수 있었습니다. <U> 면접관: 아 실제로 장치를 달았어요? <S> 네 며칠간 시연했습니다. <U> 면접관: 어려운점은 없었나요? <S> 어려운점 있었습니다. 과제연구를 할 당시에 1학년이여서 아두이노가 처음이였습니다. 그래서 중간에 오류가 발생하면 이게 회로가 문제인지 센서가 잘못됐는지 아니면 코드가 잘못됐는지 알 수 없어서 일차원적으로 하나하나 다 해보았습니다. 그러다가 한계를 느꺄서 근본적인 실력을 기르고자 책도 구입해서 독학을 하고 아두이노에 대해 가르치는 동아리에도 가입해 친구들과 함께 아두이노를 학습했습니다. 이렇게 근본적인 실력을 기르고나니 보다 체계적으로 문제를 대할 수 있었고 편하게 문제를 처리할 수 있었습니다. <U> 면접관: 본인이 생각히기에 고등학교 교육과정에서 컴퓨터학과에 중요한 과목은 무엇이라 생각하나요? <S> 저는 우선 컴퓨터학과에서 논리가 중요하다 생각합니다.     면접관: 아니아니 고등학교 교육과정에서 중요한 과목이요  (끄덕끄덕) 그래서 이 논리의 하문인 수학이 중요하다 생각합니다     면접관:(머쓱ㅋ)조금 더 구체적을 말해주세요  수학에서 개념이 확장될 때 연역이나 귀납을 이용해 논리적으로 개념을 확장해나갑니다. 이런 부분에 주목해서 공부하면 논리를 기를 수 있다 생각합니다. <U> 면접관: 본인은 그러면 수학동아리 활동 같은 것을 했나요? <S> <|im_end|><|im_start|>assistant
","네, 수학 심화동아리에도 가입해 여러 활동을 하고 고급수학1과 고급수학2도 수강했습니다.     면접관: 오.. 고급수학에서는 뭘 배우죠?(여기서 점수딴 느낌 듦ㅋㅋ)  행렬이라던지 테일러급수 같은 것들을 배웁니다. (일차변환말할걸 일차변환말할걸 일차변환말할걸 일차변환말할걸ㅠㅠㅠㅠㅠㅠㅠ)     면접관: 오 테일러 급수도 배우나요? 그러면 마지막으로 하고 싶은 말 해주세요.  네 저는 고려대학교만을 바라보며 3년간의 수험생활을 버텨왔습니다. 저를 뽑아주신다면 고려대학교에서 열심히 공부해 고려대학교를 빛낼 수 있는 인재가 되도록 노력하겠습니다. 감사합니다.          04    수기 및 후배들에게 하고 싶은 말   -         제시문도 기출보다 훨씬 쉬웠고  학생부기반면접도 전부다 예상질문이여서 준비했던 것들 이였어요  수학동아리 한거 있냐거ㅗ 물어볼 때 너무 좋았음  수학활동한게 많아서 고급수학 말할 수 있어서 '뭐지 왜 나에게 유리한 질문을 유도하시지?'라는 생각까지 들었다는..  후배님들 아무리생각해도 고대는 1차에서 그냥 다 변별하고 면접은 그냥 형식적인 것 같습니다  예상질문 잘 준비해서 갑시다  수만휘 면접후기 보면서 바로바로 대답할 수 있는지도 체크하면서 !          면접과 논술을 보고와서 수만휘에 정성스러운 후기를 남기면  합격 가능성이 1%씩 올라간다는 훈훈한 전설이 매해 내려오고 있는 면접, 논술 게시판입니다.  남겨주시는 후기들은 다음 해 후배들에게 더할 나위없이 귀한 자료가 되어  도움을 주는 만큼  이 훈훈한 전설이 계속 이어져 내려갔으면 합니다.     이번 입시 그리고 대학생활의 행운을 빕니다!         ================================    [필독] 비매너회원과 다투지 마시고, 게시판 중 가장 첫번째에 있는 '신고게시판'에 올려주시면 강퇴처리해 드립니다.<|im_end|>",train
"<|im_start|>user
<U> 면접관:그럼 그 꿈을 이루기 위해 했던 활동 중 기억에 남는거 있나요? <S> <|im_end|><|im_start|>assistant
",기억남는거 하나를 꼽자면 과제연구를 꼽고 싶습니다. 실제로 저희 학..(말꼬임) 아 주제부터 말씀 드리면 ‘아두이노를 이용한 자동방향시스템 구축’을 주제로 했습니다. 저희 학교 화장실에 악취문제가 종종 있었고 실제 친구들이 이에 대한 불만을 자주 표출했었습니다. 저는 이를 인지했고 이를 해결하기 위한 수단으로 아두이노를 선택해 프로그래밍을 통해 실생활의 문제를 해결해 프로그래머가 느끼는 성취감을 경험해볼 수 있었습니다.<|im_end|>,train
"<|im_start|>user
<U> 2번 자신에게 심화학습이 어떻게 도움이 될까요? <S> <|im_end|><|im_start|>assistant
",3번 뭐였더라..    생각치 못했지만 임기응변으로 다 답은 했습니다       04    수기 및 후배들에게 하고 싶은 말   -     제시문할때 잘 안풀릴수 있는데 생각보다 21분이 길더라고요 멘탈 잡고 해서 다 풀수 있었던거 같습니다. 누구나 다 긴장한다는 생각이 되게 중요한거 같아요<|im_end|>,train
"<|im_start|>user
<U> 4. 자신이 지원한 학과의 학문이 현실 사회 속에서 이상적 사회를 만들어 나가기 위해 해야할 역할은? <S> <|im_end|><|im_start|>assistant
","​  저는 자소서에 적었던 사회,경제적 불평등과 협동조합을 통한 유기적 연대 같은 단어들을 이용해서 답변을 했던 기억이 나네요. 워낙 답변을 잘 하시는 분들이 많아서 아쉽게 탈락했지만 좋은 경험이었다고 생각합니다<|im_end|>",train
"<|im_start|>user
<U> ㅁ: 네~ 앉으세요. 오래 기다리셨죠? <S> ㄴ: ㅎㅎ 아닙니다~  ㅁ: 바로 시작할게요. 1번부터 쭉 차례대로 설명해 주세요~ <U> ㄴ: 세 질문 모두 이어서 하나요? <S> ㅁ: 넵     이 뒤에 면접관님들이 따로 시간이 얼마나 남았는지는 안 알려 주셨어요 그냥 제 감대로 했습니다... 참고로 시계 반입 금지였어요!     1번: (가)와 (나) 지문을 요약한 뒤에 (가) 입장에서 (나)를 비판했습니당 초연결시대에도 분명 장점이 있지만 그로 인해 여러 단점도 나타날 수 있다! 를 주장으로 했고 예시로는 사생활 침해의 가능성과 무생물간의 정보 창출 과정에서 인간의 직관으로 이해할 수 없는 결론이 도출될 수 있다는 것을 들었습니다! 교수님들께서 미소지으며 끄덕끄덕 해주셨어욥     2번: (다)를 먼저 요약하구, 비슷한 사례로 유전자 조작 문제를 들었어요 준비를 많이 안 하고 들어가서 최대한 교과 과정에서 배운 것 중에 공통점이 있는 걸 찾을 수밖에 없었습니다 여러분들은 꼭 여러 사례 많이 찾아보고 가세요! 저는 시민들의 반발 때문에 국가가 나서서 신기술을 규제하고, 따라서 신기술을 현실에 적용할 수 없다는 점에서 공통점을 찾았어요 그래서 이에 대한 궁극적인 해결책은 시민들의 반발 감소라고 생각했고 반발을 줄이기 위해서는 인간존엄성에 대한 인식이 바뀌면 된다고 말했습니다 따라서 사회적 담론을 활성화시켜 유전자 조작으로 탄생한 인간은 존엄성을 침해당하지 않았다는 사회적 인식이 생기면 된다고 했어요 참고로 이때 교수님들 엄청 생각하는 표정이셨고 개인적으로도 진짜 별로인 답변이라고 생각해요 하지만 당당하고 논리적인 척하면서 말하니까 들어는 주시더라구요.. ㅎㅎ     3번: (라) 표를 먼저 분석했어요 종합적인 나라 순위와 가장 상관관계가 드러나는 항목이 두 가지가 있다고 말했고 따라서 4차산업혁명에서 발전하려면 이 두 항목에서 (아마 노동유연성이랑 사회간접자본이었던 걸로 기억해여) 좋은 점수를 받아야 한다고 했습니다 그러기 위해선 두 항목을 향상시키기 위해 기업적 측면과 국가적 측면의 노력이 있을 수 있다고 하면서 각각 총 4가지 방안을 제시했어요 이 답변이 반응 가장 좋았어요 면접관님 두분 다 밝게 미소지으시며 끄덕이시더라구오 <U> ㄴ: 하하 그런가요? <S> <|im_end|><|im_start|>assistant
",제가 긴장하면 말이 빨라져서 그랬나 봐요 이때부터 말 속도 신경썼습니다<|im_end|>,train
"<|im_start|>user
<U> 면 : 1차 꼬리질문 / 법학을 공부하고 싶다고 하셨는데, 그 중에서도 특히 어떤 법을 공부하고 싶어요? <S> <|im_end|><|im_start|>assistant
","나 : (자소서에 인권이 저를 움직이는 코어라고 썼던 부분을 언급하고, 인권 관련한 활동 했던 부분도 언급하며 인권 관련된 법을 나열하고 이 법들을 공부하고 싶다고 답변)<|im_end|>",train
"<|im_start|>user
<U> ㅁ: 네~ 앉으세요. 오래 기다리셨죠? <S> ㄴ: ㅎㅎ 아닙니다~  ㅁ: 바로 시작할게요. 1번부터 쭉 차례대로 설명해 주세요~ <U> ㄴ: 세 질문 모두 이어서 하나요? <S> <|im_end|><|im_start|>assistant
","ㅁ: 넵     이 뒤에 면접관님들이 따로 시간이 얼마나 남았는지는 안 알려 주셨어요 그냥 제 감대로 했습니다... 참고로 시계 반입 금지였어요!     1번: (가)와 (나) 지문을 요약한 뒤에 (가) 입장에서 (나)를 비판했습니당 초연결시대에도 분명 장점이 있지만 그로 인해 여러 단점도 나타날 수 있다! 를 주장으로 했고 예시로는 사생활 침해의 가능성과 무생물간의 정보 창출 과정에서 인간의 직관으로 이해할 수 없는 결론이 도출될 수 있다는 것을 들었습니다! 교수님들께서 미소지으며 끄덕끄덕 해주셨어욥     2번: (다)를 먼저 요약하구, 비슷한 사례로 유전자 조작 문제를 들었어요 준비를 많이 안 하고 들어가서 최대한 교과 과정에서 배운 것 중에 공통점이 있는 걸 찾을 수밖에 없었습니다 여러분들은 꼭 여러 사례 많이 찾아보고 가세요! 저는 시민들의 반발 때문에 국가가 나서서 신기술을 규제하고, 따라서 신기술을 현실에 적용할 수 없다는 점에서 공통점을 찾았어요 그래서 이에 대한 궁극적인 해결책은 시민들의 반발 감소라고 생각했고 반발을 줄이기 위해서는 인간존엄성에 대한 인식이 바뀌면 된다고 말했습니다 따라서 사회적 담론을 활성화시켜 유전자 조작으로 탄생한 인간은 존엄성을 침해당하지 않았다는 사회적 인식이 생기면 된다고 했어요 참고로 이때 교수님들 엄청 생각하는 표정이셨고 개인적으로도 진짜 별로인 답변이라고 생각해요 하지만 당당하고 논리적인 척하면서 말하니까 들어는 주시더라구요.. ㅎㅎ     3번: (라) 표를 먼저 분석했어요 종합적인 나라 순위와 가장 상관관계가 드러나는 항목이 두 가지가 있다고 말했고 따라서 4차산업혁명에서 발전하려면 이 두 항목에서 (아마 노동유연성이랑 사회간접자본이었던 걸로 기억해여) 좋은 점수를 받아야 한다고 했습니다 그러기 위해선 두 항목을 향상시키기 위해 기업적 측면과 국가적 측면의 노력이 있을 수 있다고 하면서 각각 총 4가지 방안을 제시했어요 이 답변이 반응 가장 좋았어요 면접관님 두분 다 밝게 미소지으시며 끄덕이시더라구오<|im_end|>",train
"<|im_start|>user
<U> 면접관:그럼 그 꿈을 이루기 위해 했던 활동 중 기억에 남는거 있나요? <S> 기억남는거 하나를 꼽자면 과제연구를 꼽고 싶습니다. 실제로 저희 학..(말꼬임) 아 주제부터 말씀 드리면 ‘아두이노를 이용한 자동방향시스템 구축’을 주제로 했습니다. 저희 학교 화장실에 악취문제가 종종 있었고 실제 친구들이 이에 대한 불만을 자주 표출했었습니다. 저는 이를 인지했고 이를 해결하기 위한 수단으로 아두이노를 선택해 프로그래밍을 통해 실생활의 문제를 해결해 프로그래머가 느끼는 성취감을 경험해볼 수 있었습니다. <U> 면접관: 아 실제로 장치를 달았어요? <S> 네 며칠간 시연했습니다. <U> 면접관: 어려운점은 없었나요? <S> <|im_end|><|im_start|>assistant
",어려운점 있었습니다. 과제연구를 할 당시에 1학년이여서 아두이노가 처음이였습니다. 그래서 중간에 오류가 발생하면 이게 회로가 문제인지 센서가 잘못됐는지 아니면 코드가 잘못됐는지 알 수 없어서 일차원적으로 하나하나 다 해보았습니다. 그러다가 한계를 느꺄서 근본적인 실력을 기르고자 책도 구입해서 독학을 하고 아두이노에 대해 가르치는 동아리에도 가입해 친구들과 함께 아두이노를 학습했습니다. 이렇게 근본적인 실력을 기르고나니 보다 체계적으로 문제를 대할 수 있었고 편하게 문제를 처리할 수 있었습니다.<|im_end|>,train
"<|im_start|>user
<U> 1. 진로희망이 굉장히 구체적인데, 그 진로를 희망하게된 이유? <S> 2. 자유전공학부에서의 학습계획?(수업, 동아리) <U> 3. 학교생활하면서 가장 힘들었던 경험? <S> 04    수기 및 후배들에게 하고 싶은 말   -     제시문 3분 답변은 진짜 처음 봤네요.. 시간 너무너무 부족해서 결국 후반부에 잘렸어요ㅠ  학생부는 일일이 읽어보고 콕 찝어서 질문할 정도로 자세하게는 물어보기 힘들 것 같으니 기본적인 것들을 탄탄하게 준비하시면 좋을 것 같습니다! 결과와 함께 알려드리려고 이제야 올려요 ㅎㅎ 최초합했습니다!                                      면접과 논술을 보고와서 수만휘에 정성스러운 후기를 남기면  합격 가능성이 1%씩 올라간다는 훈훈한 전설이 매해 내려오고 있는 면접, 논술 게시판입니다.  남겨주시는 후기들은 다음 해 후배들에게 더할 나위없이 귀한 자료가 되어  도움을 주는 만큼  이 훈훈한 전설이 계속 이어져 내려갔으면 합니다.    이번 입시 그리고 대학생활의 행운을 빕니다!      ================================    [필독] 비매너회원과 다투지 마시고, 게시판 중 가장 첫번째에 있는 '신고게시판'에 올려주시면 강퇴처리해 드립니다. <U> 면: 그럼 학생부 문제로 넘어갈게요. 지원학과가 사회에 어떤 기여를 할 수 있다고 생각하나요? <S> 나: 기업의 사회적 책임, 나의 진로 희망 설명 <U> 면: 학과 관련해서 어떤 활동이 가장 유익했나요? <S> <|im_end|><|im_start|>assistant
","나: 실용경제 창업활동 설명, 일련의 과정에서 문제해결능력 기를 수 있었다              04    수기 및 후배들에게 하고 싶은 말   -      면접 답변도 제대로 된 건진 모르겠고, 학생부 기반 면접에서 너무 실력 발휘를 제대로 못했어요.. 5분 제시문, 2분 학생부라고 면접관님이 시작할 때 말씀해주셨는데, 제시문 답변 시간을 지킨답시고 엄청 빨리 말했다가 4분에 끝내버리고, 학생부도 말을 너무 제대로 못해서 전체 면접은 6분도 안됐던 걸로 기억합니당...(면접자가 시간 확인할 수 있는 시계는 따로 없었어요) 아무튼 그래서 면접 끝나고 바로 든 생각은 '망했다' 였고요...  후기는 기억이 최대한 생생할 때, 당일에 바로 적어놨는데 결과를 확인한 후에 올리는 게 좋겠다 싶어서 지금 공유합니당 2차 추합에서 합격했어요! ㅎㅎ(면접은 지금 돌이켜봐도 잘했다는 생각은 안 드는데,, 1차 서류 점수+평균 이상으로 추합 많이 돈 덕분이 아닐까 생각이 들어요...)  위에 내용 보시면 알겠지만 학생부 기반이라고 해봤자 저렇게 공통질문으로 나올 수밖에 없는 것 같더라고요(다른 학과 지원한 친구들도 또옥같이 저렇게 두 개 물어봤대요) 예상 가능한 것들이니 기본적인 것들을 위주로 준비하는 걸 추천드립니다 미래의 후배님들 화이팅~~!!             면접과 논술을 보고와서 수만휘에 정성스러운 후기를 남기면  합격 가능성이 1%씩 올라간다는 훈훈한 전설이 매해 내려오고 있는 면접, 논술 게시판입니다.  남겨주시는 후기들은 다음 해 후배들에게 더할 나위없이 귀한 자료가 되어  도움을 주는 만큼  이 훈훈한 전설이 계속 이어져 내려갔으면 합니다.     이번 입시 그리고 대학생활의 행운을 빕니다!         ================================    [필독] 비매너회원과 다투지 마시고, 게시판 중 가장 첫번째에 있는 '신고게시판'에 올려주시면 강퇴처리해 드립니다.<|im_end|>",train
"<|im_start|>user
<U> 면 : 1차 꼬리질문 / 법학을 공부하고 싶다고 하셨는데, 그 중에서도 특히 어떤 법을 공부하고 싶어요? <S> 나 : (자소서에 인권이 저를 움직이는 코어라고 썼던 부분을 언급하고, 인권 관련한 활동 했던 부분도 언급하며 인권 관련된 법을 나열하고 이 법들을 공부하고 싶다고 답변) <U> 면 : 2차 꼬리질문  / 인권이라고 하셨는데, 인권이 종류가 많잖아요. 그 중에서 어떤 인권에 대해 공부하고 싶다던가 흥미가 있어요? <S> 나 : (약간 당황) 청소년 참여에 관련해서 했던 활동들을 기반으로, 인권 중에서 참여권에 대해서 관심이 있다고 답변. <U> 면 : 3차 꼬리질문 / 참여권이라고 하셨는데, 왜 다른 인권들 중에서 참여권이 중요하다고 생각하세요? <S> <|im_end|><|im_start|>assistant
","나 : (당황 당황) 대한민국 사회에서 생존권, XX권(뭘 또 말했는데 기억이 안나요) 등의 인권은 비교적 잘 보장되는 것 같다고 생각. 자소서에도 썼듯이 제가 지향하는 서번트형 리더는 구성원들을 끌고 가는게 아니라 구성원들의 생각을 존중하고, 구성원들의 참여를 통해 사회를 변화시키는 것이기 때문에 참여권이 중요하다고 생각.     면 : 고개 끄덕끄덕     꼬리질문 답변할 때는 제시문 답변보다 훨씬 눈도 많이 맞춰주시고, 자세히 들으시는 게 눈에 보였어요.  그리고 대망의 멘탈 폭발 사건ㄴ     면 : 네, 시간이 이제 다 됐어요.<|im_end|>",train
"<|im_start|>user
<U> Q. 2번 문항에서 인공신경망에 대해 좀 더 자세히 말해볼래요? <S> A. 음.. 인공신경망이란 입력 값을 받고 이것에 가중치를 곱해서 다 더한 값이 1보다 작을 땐,.. 아 가장 간단한 예시로 단층 퍼셉트론에서는 출력값이 0또는 1이 나와야 하는데 이 합을 활성화함수를 거쳐 1보다 작으면 0으로 출력하고 그렇지 않으면 1로 출력한다는 점에서 뉴런과 유사하다고 생각했고.. 실제로도 그렇다고 생각합니다..(엄청 횡설수설함) <U> Q. 학교에서 어떤 인공신경망 공부해봤어요? 뭐 해봤어요? (이런 느낌의 질문이었는데 잘 기억안남.) <S> A. 저는 학교에서 인공지능을 통한 사용자 메시지 속 감정 분석을 하기 위해 RNN을 사용했던 적이 있습니다. RNN이란 이전의 계산값이 출력값에 영향을 미쳐 텍스트의 흐름이나 전체적인 문맥을 파악하는데 쓰이는 것입니다. (뭐라 더 했던 것 같은데 기억이 안남) <U> Q. 그럼 학생이 그 RNN을 구현할 때 무슨 역할을 하셨나요? <S> A. 아, 사실 이것이 인공지능만 구현한 것이 아니라 앱을 구현하는 프로젝트였는데요, 저는 그 중에서도 장고를 이용해 웹 서버를 구현하고 나머지 개발을 보조?하는 서브 개발자를 맡아서 친구와 함께 개발했었습니다. <U> Q. 아 그럼 장고로 웹서버 구현하고 인공신경망의 일부를 도와서 개발했다는 거죠? <S> A. 아 네! 맞습니다. <U> Q. 2학년 2학기에 수학 성적이 많이 낮은데.. 혹시 이것 때문인가요? <S> A. 네..ㅎㅎㅎ 아무래도 그게 영향을 미쳤던 것 같습니다. <U> Q. (뭐라 질문하셨는지 기억이 안남) <S> A. (무슨 답을 하다가 말이 나왔는지 모르겠는데) 아무래도 열심히 공부하고 많이 찾아보면서 구현했지만 부족한 점이 많다보니 인공지능 성능이 안 좋았던 것이 아쉽습니다. <U> Q. 혹시 성능이 왜 안좋았다고 생각하시나요? <S> A. 어... 어.. 초기 가중치 설정 값이나 배치 크기 .. 그런게..(말흐림) 물론 열심히 공부했지만 부족한 부분이 많아서 그런 것 같습니다. 그래서 같이 했던 친구들과 나중에 다시 공부해서 더욱 보완하기로 했습니다. <U> Q. 그래서 실제로 했나요?(웃으심) <S> A. 아!! 아니요! 대학교 와서 더 깊이 공부하고 하기로 했습니다! 보완해서 창업도 해보자고 그런 식으로 말했습니다! <U> Q. (웃으심) 이제 시간이 한 .. 30초 정도 남았는데 왜 이 학과에 와야 하는지, 자신의 강점이 뭔지, 졸업한 후에 뭘 할 건지 비전?같은걸 정리해서 30초안에 말해볼래요? <S> A. 저는 초등학교 4학년 때부터 게임기획자를 꿈꿔왔고 그동안 많은 경험을 하며 사람들에게 울림을 주는 게임을 만들고 싶다고 생각했습니다. 그렇기 때문에 지금까지 무언가를 할 때 타율적으로 하는 것이 아닌, 자기주도적이고 스스로 뭔가 이것을 통해 발전하고 도움이 된다는 확신을 가지고 모든 활동에 임하였습니다. 그래서 저는 고려대학교 컴퓨터학과에 와서 게임을 통해 누군가를 행복하게 만들고 사회에 영향을 미치는 사람이 되고 싶습니다. 소프트웨어 벤처 융합 전공을 통해 경영이나 창업에 관련된 공부도 하고, 소프트웨어에 대한 더 심화된 내용을 배우고 싶습니다. (뭐 대충 이런 말 했는데 이것도 기억이 안남..) <U> Q. 네 수고하셨습니다. <S> <|im_end|><|im_start|>assistant
","A. 감사합니다!!!                 04    수기 및 후배들에게 하고 싶은 말   - 고대 풍경 보고 반해서 너무 오고 싶어졌는데 면접 끝남과 동시에 그런 생각을 접어버렸... 예비라도 받길 기원해봅니다..하하                    면접과 논술을 보고와서 수만휘에 정성스러운 후기를 남기면  합격 가능성이 1%씩 올라간다는 훈훈한 전설이 매해 내려오고 있는 면접, 논술 게시판입니다.  남겨주시는 후기들은 다음 해 후배들에게 더할 나위없이 귀한 자료가 되어  도움을 주는 만큼  이 훈훈한 전설이 계속 이어져 내려갔으면 합니다.     이번 입시 그리고 대학생활의 행운을 빕니다!         ================================    [필독] 비매너회원과 다투지 마시고, 게시판 중 가장 첫번째에 있는 '신고게시판'에 올려주시면 강퇴처리해 드립니다.<|im_end|>",train
"<|im_start|>user
<U> Q. 2번 문항에서 인공신경망에 대해 좀 더 자세히 말해볼래요? <S> A. 음.. 인공신경망이란 입력 값을 받고 이것에 가중치를 곱해서 다 더한 값이 1보다 작을 땐,.. 아 가장 간단한 예시로 단층 퍼셉트론에서는 출력값이 0또는 1이 나와야 하는데 이 합을 활성화함수를 거쳐 1보다 작으면 0으로 출력하고 그렇지 않으면 1로 출력한다는 점에서 뉴런과 유사하다고 생각했고.. 실제로도 그렇다고 생각합니다..(엄청 횡설수설함) <U> Q. 학교에서 어떤 인공신경망 공부해봤어요? 뭐 해봤어요? (이런 느낌의 질문이었는데 잘 기억안남.) <S> A. 저는 학교에서 인공지능을 통한 사용자 메시지 속 감정 분석을 하기 위해 RNN을 사용했던 적이 있습니다. RNN이란 이전의 계산값이 출력값에 영향을 미쳐 텍스트의 흐름이나 전체적인 문맥을 파악하는데 쓰이는 것입니다. (뭐라 더 했던 것 같은데 기억이 안남) <U> Q. 그럼 학생이 그 RNN을 구현할 때 무슨 역할을 하셨나요? <S> A. 아, 사실 이것이 인공지능만 구현한 것이 아니라 앱을 구현하는 프로젝트였는데요, 저는 그 중에서도 장고를 이용해 웹 서버를 구현하고 나머지 개발을 보조?하는 서브 개발자를 맡아서 친구와 함께 개발했었습니다. <U> Q. 아 그럼 장고로 웹서버 구현하고 인공신경망의 일부를 도와서 개발했다는 거죠? <S> A. 아 네! 맞습니다. <U> Q. 2학년 2학기에 수학 성적이 많이 낮은데.. 혹시 이것 때문인가요? <S> A. 네..ㅎㅎㅎ 아무래도 그게 영향을 미쳤던 것 같습니다. <U> Q. (뭐라 질문하셨는지 기억이 안남) <S> A. (무슨 답을 하다가 말이 나왔는지 모르겠는데) 아무래도 열심히 공부하고 많이 찾아보면서 구현했지만 부족한 점이 많다보니 인공지능 성능이 안 좋았던 것이 아쉽습니다. <U> Q. 혹시 성능이 왜 안좋았다고 생각하시나요? <S> <|im_end|><|im_start|>assistant
",A. 어... 어.. 초기 가중치 설정 값이나 배치 크기 .. 그런게..(말흐림) 물론 열심히 공부했지만 부족한 부분이 많아서 그런 것 같습니다. 그래서 같이 했던 친구들과 나중에 다시 공부해서 더욱 보완하기로 했습니다.<|im_end|>,train
"<|im_start|>user
<U> 1. 교내활동을 하면서 어려웠던점은? <S> <|im_end|><|im_start|>assistant
",동아리 활동 이야기<|im_end|>,train
"<|im_start|>user
<U> -간호사로서의자질 내 장점? <S> 답:성실함+이유 <U> -학교생활하면서 간호랑 관련된 기억나는 활동? <S> <|im_end|><|im_start|>assistant
",답:자소서에 쓴 연구대회 했던거랑 멘토링활동 말했어요!<|im_end|>,train
"<|im_start|>user
<U> Q. 2번 문항에서 인공신경망에 대해 좀 더 자세히 말해볼래요? <S> A. 음.. 인공신경망이란 입력 값을 받고 이것에 가중치를 곱해서 다 더한 값이 1보다 작을 땐,.. 아 가장 간단한 예시로 단층 퍼셉트론에서는 출력값이 0또는 1이 나와야 하는데 이 합을 활성화함수를 거쳐 1보다 작으면 0으로 출력하고 그렇지 않으면 1로 출력한다는 점에서 뉴런과 유사하다고 생각했고.. 실제로도 그렇다고 생각합니다..(엄청 횡설수설함) <U> Q. 학교에서 어떤 인공신경망 공부해봤어요? 뭐 해봤어요? (이런 느낌의 질문이었는데 잘 기억안남.) <S> A. 저는 학교에서 인공지능을 통한 사용자 메시지 속 감정 분석을 하기 위해 RNN을 사용했던 적이 있습니다. RNN이란 이전의 계산값이 출력값에 영향을 미쳐 텍스트의 흐름이나 전체적인 문맥을 파악하는데 쓰이는 것입니다. (뭐라 더 했던 것 같은데 기억이 안남) <U> Q. 그럼 학생이 그 RNN을 구현할 때 무슨 역할을 하셨나요? <S> A. 아, 사실 이것이 인공지능만 구현한 것이 아니라 앱을 구현하는 프로젝트였는데요, 저는 그 중에서도 장고를 이용해 웹 서버를 구현하고 나머지 개발을 보조?하는 서브 개발자를 맡아서 친구와 함께 개발했었습니다. <U> Q. 아 그럼 장고로 웹서버 구현하고 인공신경망의 일부를 도와서 개발했다는 거죠? <S> A. 아 네! 맞습니다. <U> Q. 2학년 2학기에 수학 성적이 많이 낮은데.. 혹시 이것 때문인가요? <S> A. 네..ㅎㅎㅎ 아무래도 그게 영향을 미쳤던 것 같습니다. <U> Q. (뭐라 질문하셨는지 기억이 안남) <S> A. (무슨 답을 하다가 말이 나왔는지 모르겠는데) 아무래도 열심히 공부하고 많이 찾아보면서 구현했지만 부족한 점이 많다보니 인공지능 성능이 안 좋았던 것이 아쉽습니다. <U> Q. 혹시 성능이 왜 안좋았다고 생각하시나요? <S> A. 어... 어.. 초기 가중치 설정 값이나 배치 크기 .. 그런게..(말흐림) 물론 열심히 공부했지만 부족한 부분이 많아서 그런 것 같습니다. 그래서 같이 했던 친구들과 나중에 다시 공부해서 더욱 보완하기로 했습니다. <U> Q. 그래서 실제로 했나요?(웃으심) <S> A. 아!! 아니요! 대학교 와서 더 깊이 공부하고 하기로 했습니다! 보완해서 창업도 해보자고 그런 식으로 말했습니다! <U> Q. (웃으심) 이제 시간이 한 .. 30초 정도 남았는데 왜 이 학과에 와야 하는지, 자신의 강점이 뭔지, 졸업한 후에 뭘 할 건지 비전?같은걸 정리해서 30초안에 말해볼래요? <S> <|im_end|><|im_start|>assistant
","A. 저는 초등학교 4학년 때부터 게임기획자를 꿈꿔왔고 그동안 많은 경험을 하며 사람들에게 울림을 주는 게임을 만들고 싶다고 생각했습니다. 그렇기 때문에 지금까지 무언가를 할 때 타율적으로 하는 것이 아닌, 자기주도적이고 스스로 뭔가 이것을 통해 발전하고 도움이 된다는 확신을 가지고 모든 활동에 임하였습니다. 그래서 저는 고려대학교 컴퓨터학과에 와서 게임을 통해 누군가를 행복하게 만들고 사회에 영향을 미치는 사람이 되고 싶습니다. 소프트웨어 벤처 융합 전공을 통해 경영이나 창업에 관련된 공부도 하고, 소프트웨어에 대한 더 심화된 내용을 배우고 싶습니다. (뭐 대충 이런 말 했는데 이것도 기억이 안남..)<|im_end|>",train
"<|im_start|>user
<U> 1. 교내활동을 하면서 어려웠던점은? <S> 동아리 활동 이야기 <U> 2. 가장관심있는 건축가, 그 건축가의 건물 그 이유는? <S> 르코르뷔지에의 빌라사보아(너무 일반적인거 말함...)  필로티, 옥상정원 이야기 <U> 3. (추가질문)우리나라 서울의 필로티가 빌라사보아 필로티랑 다른점은? <S> <|im_end|><|im_start|>assistant
","빌라사보아는 자연과 접해있고 ... 횡설수설... 망함         04    수기 및 후배들에게 하고 싶은 말     준비를 좀 해갑시다  수능을 괜찮게 봤다고 대충하지말고(나처럼...)끝까지 노력하자!  나는 어쩔 수 없다 빡정시!!!!!!    (여러분들이라도 열심히 해요!)                                        면접과 논술을 보고와서 수만휘에 정성스러운 후기를 남기면  합격 가능성이 1%씩 올라간다는 훈훈한 전설이 매해 내려오고 있는 면접, 논술 게시판입니다.  남겨주시는 후기들은 다음 해 후배들에게 더할 나위없이 귀한 자료가 되어  도움을 주는 만큼  이 훈훈한 전설이 계속 이어져 내려갔으면 합니다.    이번 입시 그리고 대학생활의 행운을 빕니다!      ================================    [필독] 비매너회원과 다투지 마시고, 게시판 중 가장 첫번째에 있는 '신고게시판'에 올려주시면 강퇴처리해 드립니다.<|im_end|>",train
"<|im_start|>user
<U> (2) 준비실 : 명칭이 정확한지는 잘 모르겠습니다. 고사실(면접실)로 들어가기 전 미리 지문을 보고 답안을 준비하는 시간입니다. 이 때는 모든 조가 다 모여서 한 곳에서 시험봅니다. 1조부터 끝조까지 동시에 14분이라는 시간동안 제시문을  보고 답변을 준비합니다. 물론 과가 다르니 문제도 다르겠죠? <S> (3) 고사실 : 두 분이 앉아계셨고 인상이 참 좋은 분들이었습니다. 친절히 설명해 주시고 편하게 이야기하는 듯 한 느낌이 들었습니다. 제시문 답변 3~4분 정도로 진행하고 서류기반 질문 받으면 됩니다.      03  시험 문제 복원 + 나의 답변     면접과 논술 시간에 있었던 이야기를 잘 적어주세요.  무엇을 물어보았는지, 그리고 그에 대한 나의 답변은 무엇인지 등을 적어주시면 됩니다.     <제시문> - 기억나는 포인트만 짚어서 씁니다.     (가) 비누는 친수성 부분과 소수성 부분으로 이루어져 있다. 물과 친한 친수성부분, 기름과 친한 소수성 부분이 각각 물과 때와 결합한다. 옷감에 있는 때에 결합하여 'OOO'을 형성한다.  (나) 아미노산은 탄소 원자를 중심에 두고 아미노기, 카복시기, 수소 또는 아세틸기(?)와 결합한 구조이다. 아미노산을 액체에 담그면 용액의 액성에 따라 다른 반응을 일으킨다. 산성 용액에 담글 경우 ~, 염기성 용액에 담글 경우 ~. 물에 담글 경우 ~.(각 용액의 액성에 따라 어떤 작용기가 어떤 화학 반응을 일으키는지에 대한 설명이 있었습니다.)  (다) 석탄, 석유와 같은 화석연료의 사용으로 산업화를 이룩할 수 있었으나 지구 온난화, 오존층 파괴, 백내장과 같은 질병 유발이라는 결과를 가져오기도 했다.  (라) 플랑크의 광양자설. E=hf로 전자의 에너지 준위는 불연속적이다.(아무튼 광양자설 얘기)     <문항>  1. 제시문 (가)~(다)에서 공통적으로 연관된 개념을 찾고, 이유를 설명하시오.  2. 1번 문항에 대한 답변을 참고하여 (가)~(다)와 (라)를 비교하시오.  3. 1번 문항에 대한 답변과 관계된 것을 사회 현상에서 찾고, 그 이유를 설명하시오.     <메모장>     처음에 (가)와 (나)를 보고 '결합'이라는 단어를 떠올렸습니다. 그리고 (라)는 기억 상 '빛의 입자성'이었고 광전효과가 입증 이론이니 광전효과를 떠올리고는 (라)를 '분리'라는 단어로 연관지으면 되지 않을까 싶었습니다. 그런데 (다) 지문이 '결합'이라는 걸로 연관 짓기에는 무리가 있었습니다. 화학반응이 일어나니까 화학 반응 속에 결합이 있을 것이다. 이런식으로 가기에는 억지였고,,, 시간은 흐르고,,, (다) 지문에서 다시 생각을 해 봤을 때 화석 연료의 사용으로 긍정적 측면과 부정적 측면이 모두 발생했다.라고 생각을 하니 자연스럽게 '양면성'이 떠올랐습니다. '양면성'이라는 단어를 가지고 (가)와 (나)를 다시 보니 (가)도 물과 기름 양 쪽을 섞이게 하는 것이고 (나)의 아미노산도 양쪽성 물질임이 떠올랐습니다. (사실 양쪽성 물질이 맞나 긴가민가 했습니다. 그래도 그냥 지르기로 했습니다.) 그에 비하면 (라)는 빛의 '이중성' 중에서 입자성만 설명하고 있으므로 (가)~(다)와는 대비됩니다.     14분 준비시간 중에 '결합과 분리'에 꽂혀서 거의 8~9분을 썼습니다. 5~6분 남겨놓고 '양면성'이라는 키워드가 생각났고, 급하게 답안 준비했습니다. 14분 주어진 시간 안에서는 1번과 3번 문항에 대한 답안을 메모해 두었고, 2번 문항은 완전히 해결하지 못한 채 고사실(면접실)로 이동했습니다. 6층에서 3층?4층?으로 내려가는 동안 계속 메모지 보면서 생각했습니다. 다행이 계단 내려가는 도중에 빛의 이중성을 떠올렸고 면접 들어가기 전에 8~9분 정도 앉아서 대기할 때 마무리했습니다. (준비시간 14분이 지나면 메모지에 작성하거나 수정하는 행위는 금지됩니다. 머릿속으로만 생각해야합니다. 대략적인 지문 키워드와 답안 키워드를 적어 왔기때문에 답안을 준비할 수 있었습니다.)     3번 문항에 대한 답변은 '통화 정책'을 생각해 두었습니다. 경제시간에 배웠었는데, 시장에 유통되는 통화량이 작을 때에 통화량을 분배(?)하는 정책을 실시할 경우, 통화량 안정이라는 긍정적 측면도 있지만, 물가 상승 즉 인플레이션 현상이 발생한다는 부정적 측면도 있습니다.     <면접>  고사실(면접실) 들어가기 전 : 이미 한 명이 대기하고 있었습니다. 수험표로 본인 확인을 하고 자리에 앉으니 잠시 후에 지원자 한 분이 고사실(면접실)에서 나왔습니다. 별로 텀 없이 다음 분이 바로 들어가고 (1분도 채 안 되었던 것 같습니다.) 저는 7분가량 대기했습니다. 생각보다 대기 시간이 많아서 답안을 다시 한 번 정리할 수 있었습니다. 앞사람 나오고 나서 거의 곧바로 들어갔습니다.     면접관 : (친절한 설명) 제시문에 대한 답변 먼저 해 주시면 됩니다. 각 문항당 1~2분씩 총 3~4분 내외로 답변해 주시면 됩니다.     면접자 : 네 그럼 1번 문항 먼저 답변 드리겠습니다. [[제시문 문항 답변 진행]]           면접관: 그럼 이제 서류기반 질문 진행하겠습니다. 대회를 굉장히 많이 참여하였는데, 그 중에서 가장 기억에 남는 대회가 있나요? (느낀점이나 배운 점을 설명하라는 뉘앙스 였습니다.)     면접자 : 저는 학술 컨퍼런스가 기억에 남습니다. 주제를 선정하여 몇개월간 연구를 진행하는 것이었습니다. 우선 생명과학과 수학의 결합이라는 것을 알게된 이후로 DNA 분자구조와 매듭이론의 관계에 대한 프로젝트를 진행하였는데, 새로운 것을 알게 되었다는 지적 희열이 가장 컸습니다. 뿐만 아니라 어려운 주제에 맞닦들여서 함께 진행한 파트너와 함께 하브루타 식으로 토론하며 어려움을 헤쳐갔던 것이 기억에 남습니다. <U> 면접관 : 많은 대회에 참여하면 학습에 지장이 갈텐데, 그런데도 다양한 대회에 참가한 이유는 무엇인가요? <S> 면접자 : 고등학교에 진학하고 많은 사람들과 다양한 경험을 쌓고자 참여했습니다. 사실은 더 참여하고 싶었는데 현실적으로 힘들 것 같아 하지 못한 것도 있었습니다. <U> 면접관 : 무슨 대회요? <S> 면접자 : 포스문이라고, 아.. (이거 얘기하면 안 되는데..). (1초간 정적) 모의 유엔 대회에 참여하고 싶었으나 시험기간과 겹치는 바람에 참여하지 못했던 것이 아쉽습니다. (살짝 거짓말 섞었음...) <U> 면접관 : 동아리 활동을 보면, 3년 내내 상담 동아리 활동만 한 것 같은데, 따로 특별히 생명과학과 관련하여 활동한 것이 있나요? <S> <|im_end|><|im_start|>assistant
","면접자 : 네, 그 정규 동아리로 활동한 상담 동아리 말고, 자율동아리로 뇌과학 동아리를 조직하여 활동하였습니다.<|im_end|>",train
"<|im_start|>user
<U> Q. 2번 문항에서 인공신경망에 대해 좀 더 자세히 말해볼래요? <S> A. 음.. 인공신경망이란 입력 값을 받고 이것에 가중치를 곱해서 다 더한 값이 1보다 작을 땐,.. 아 가장 간단한 예시로 단층 퍼셉트론에서는 출력값이 0또는 1이 나와야 하는데 이 합을 활성화함수를 거쳐 1보다 작으면 0으로 출력하고 그렇지 않으면 1로 출력한다는 점에서 뉴런과 유사하다고 생각했고.. 실제로도 그렇다고 생각합니다..(엄청 횡설수설함) <U> Q. 학교에서 어떤 인공신경망 공부해봤어요? 뭐 해봤어요? (이런 느낌의 질문이었는데 잘 기억안남.) <S> <|im_end|><|im_start|>assistant
",A. 저는 학교에서 인공지능을 통한 사용자 메시지 속 감정 분석을 하기 위해 RNN을 사용했던 적이 있습니다. RNN이란 이전의 계산값이 출력값에 영향을 미쳐 텍스트의 흐름이나 전체적인 문맥을 파악하는데 쓰이는 것입니다. (뭐라 더 했던 것 같은데 기억이 안남)<|im_end|>,train
"<|im_start|>user
<U> 질문 2: ㉠이와 같은 불신을 야기하는 사회적 불평등의 예시를 들고, 정의로운 사회를 실현하기 위한 방안에 대해 자유롭게 말해보시오. <S> 면접준비실에서 14분 동안 질문에 대한 답변을 정리하고 나면 엘리베이터를 타고 다른 장소로 이동합니다. 이동해서는 조교분께 면접 관련 설명을 듣고(블라인드 면접이라 개인정보 말씀하시면 안 돼요 등등) 면접실 앞에서 대기합니다. 앞 친구가 저처럼 아주 빨리 끝나지 않는 이상 제시문 답변 쭉 정리해볼 시간은 되는 것 같아요(그래도 혹시 모르니까 기왕이면 준비실에서 주어진 시간 내 말하기 개요를 짜 놓으세요. 저도 시간 있다는 말은 들었지만 혹시 몰라 준비실에서 제시문 답변에 대한 준비를 마쳤습니다). 대기하는 동안에는 제시문은 볼 수 없고, 자신의 면접 답변 종이만 가지고 조용히 연습할 수 있습니다. 답변 종이에 추가적으로 필기 등은 할 수 없어요. 앞 친구가 나오면 조교분이 문을 열어 주십니다. 면접관은 2분이셨고, 추측하기로 한 분은 제시문 평가를 담당하시는 남자 입학사정관님, 다른 한 분은 생기부 평가를 담당하시는 여자 교수님이셨습니다. 여자 교수님은... 홈페이지에서 교수진 확인했던 기억을 더듬어보면 개화기 문학 전공하신 권보드래 교수님이셨던 것 같아요(추정). 남자 면접관님은 제시문 답변이 끝나자마자 저에 대한 관심을 급격하게 잃어버리셨고(...) 여자 면접관님은 모든 대답에 대해 온화한 표정으로 웃으며 저와 시선을 맞춰주셨습니다. 시선 분배는 제시문 면접에서는 5:5, 생기부 면접에서는 4:6 정도로(질문하신 분께 시선을 더 드리는 게 예의라고 생각해서...) 분배했던 걸로 기억합니다.        조교: 1조 14번 학생입니다. (가번호를 먼저 말씀해 주시는 바람에 인사할 타이밍을 놓침)  나: (꾸벅 인사함) 안녕하세요!  남자 면접관: 아, 거기 앉으세요.  나: (다시 꾸벅) 감사합니다. (의자에 앉음)  남자 면접관: 제시문 답변 준비해 오셨죠? 준비해 온 내용을 바탕으로 3분 동안 시간조절을 잘 해서 답변하시면 됩니다. 반드시 1번 질문 다음 2번 질문에 대한 답변을 하는 식으로 답변 순서를 지켜주세요.  나: 네, 알겠습니다.  남자 면접관: 그럼 시작하세요.     나: 먼저 1번 질문에 대해 답변하겠습니다. 저는 아리스토텔레스의 ‘사회적 행위는 그 의도와 목적에 따라 결정된다’는 주장을 근거로 B가 보다 적절한 세금 환급 방안이라고 생각합니다. 세금 환급의 목적은 재분배, 즉 빈부격차의 감소와 사회적 재분배의 역할을 의도하고 있습니다. 따라서 적절한 세금 환급 정책에 대한 판단은 환급 정책이 그 기능인 재분배의 역할을 다하고 있느냐 아니냐에 따라 결정되어야 합니다. 방안 A의 경우 소득 수준이 높은 계층에게 세금을 많이 돌려줌으로써, 결론적으로 모든 계층이 동등하게 2.5%의 세금을 국가에 납부하는 형태를 띠고 있습니다(왜 이런 비율이 나오는지도 해석했으면 좋을 뻔했죠). 이 경우 모든 계층이 동등한 비율의 세금을 납부하고, 동등한 비율의 세금을 환급받기 때문에 세금 환급 정책의 목적인 재분배가 제대로 달성되지 않고 있다고 생각합니다. 반면 방안 B의 경우 소득 수준이 낮은 계층에게 세금을 많이 돌려줌으로써, 소득 수준이 높은 계층은 세금을 높은 비율로 납부하고 낮은 계층은 낮은 비율로 납부하는 누진세의 형태를 띱니다. 따라서 방안 B는 소득 수준이 낮은 계층에게 높은 세금 환급액을 보장함으로써 사회적 재분배의 역할을 다하고 있다고 볼 수 있습니다. 그러므로 저는 아리스토텔레스의 견해에 비추어, 방안 B가 A보다 적절한 세금 환급 방안이라고 생각합니다.     다음으로 2번 질문에 대해 답변하겠습니다. 우선, ㉠에서 이야기하는 ‘이와 같은 불신’은 법 집행이 제대로 되지 않는다는 생각, 현재 대한민국 사회는 성공하기 어려운 사회라는 생각, 개인적 노력만으로는 자신의 현재 계층에서 벗어날 수 없다는 생각을 포함하고 있습니다. 이러한 불신이 야기되는 원인 중 하나인 사회적 불평등의 대표적인 예시를 저는 부모 계층의 대물림화 현상이라고 보았습니다. 부모의 경제적 지위는 교육, 보건, 정치 등 자녀의 경제적 계층뿐 아니라 다른 영역에도 큰 영향을 미칩니다. 예를 들어 부모의 경제적 지위가 자녀의 교육에 미치는 영향을 들 수 있는데요, 소득 수준이 낮은 계층의 경우 사교육에 대한 접근 기회가 부족하고, 집안 생계 유지 등으로 인해 공부에 온전히 집중할 수 없는 반면, 소득 수준이 높은 계층의 경우 사교육에 대한 접근 기회가 상대적으로 높은데다가 다른 걱정 없이 자신의 공부에만 온전히 집중할 수 있습니다. 이러한 교육 격차는 학업 수준의 차이를 야기하고, 결국 계층의 대물림화를 공고히 하는 악순환이 반복됩니다. 저는 이러한 사회적 불평등을 해결하고 정의로운 사회를 이룩하기 위해서는 (여기서 본인이 생각하는 정의에 대해 먼저 정의하고 들어갔으면 더 좋았겠다는 생각이 듭니다. 당시의 저는 제시문 (가)에서 이미 사회 정의에 대한 개념 정의를 하고 있기 때문에 굳이 중복되는 내용(본인이 생각하는 정의 또한 공정으로서의 정의였음)을 말할 필요가 없다고 생각해 생략했습니다.) 우선, 롤스가 자신의 절차적 정의를 통해, 저서 <정의론>을 통해 주장했던 최대 수혜자에게 최대 이익을 주는 제도가 정비되어야 한다고 생각합니다. 누진세나 소득세 등 선천적인 경제적 지위가 개인에게 너무 큰 영향을 주지 않도록 하는 제도가 우선적으로 확립되어야 할 것입니다. 다음으로는 경제 등의 한 분야가 다른 분야의 가치를 지배하지 않도록 하기 위해, 왈처가 말했던 것처럼 각 분야 간의 경계를 뚜렷이 해야 한다고 생각합니다. (그 방안이 구체적으로 무엇인지 말했어야 했을 것 같은데 이 부분은 아쉽습니다. 또, 왈처 복합평등의 정의나 분배 영역에서의 정의 등의 개념을 설명했으면 더 좋았을 것 같아요.) 마지막으로 앞에서 언급했던 과정에 있어서는 마이클 샌델이 자신의 저서, <Public Philosophy>에서 말했던 것처럼(책 제목이 한글로는 정확히 기억나지 않아 그냥 영어로 말함) 모든 계층이 자유롭게 참여할 수 있는 담론장 구성이 필요하며(원래 하버마스 추가해서 말하고 싶었는데 타이밍 놓침), 성숙한 심의 민주주의의 구현이 필요하다고 생각합니다. 이상으로 제시문에 대한 답변 마치겠습니다. 감사합니다.        여자 면접관: 지금부터 생기부 관련해 질문할게요.  나: (3분이 안 된 것 같은데 왜 더 하고 싶은 말 있나요 이런 질문이 없지? 여기서 조금 당황) 아, 네!  여자 면접관: 국어국문학과에 왜 지원하게 됐어요? (지원동기)  나: 2학년 문학 시간, 전상국 작가의 ‘우상의 눈물’을 읽고 문학이 사회에 미칠 수 있는 영향에 관심을 갖게 되었습니다. 그때까지 단순히 취미, 그러니까... 흥미를 위해서만 읽는다고 생각했던 문학이 사회적으로도 큰 의의를 가질 수 있다는 점이 놀라웠습니다. 이후 문학에 관심을 갖고 작품을 탐독하면서... (이 다음에도 뭔가 설명을 했던 것 같은데 기억이 안 나네요ㅠㅠ 장래희망 이야기하면서 ~~한 이유로 고려대학교 국어국문학과에 지원하게 되었습니다. 라고 무난하게 끝마쳤던 것 같습니다.) <U> 여자 면접관: ‘우상의 눈물’ 외에 사회적 상황을 반영하는 다른 작품을... 한 두어 개 정도 설명해 볼까요? <S> 나: 저는 사회상을 반영하는 문학 작품으로 3학년 사회과학방법론 시간 연구자료로 이용했던 윤흥길의 ‘아홉 켤레의 구두로 남은 사내’와 박민규의 ‘그렇습니까, 기린입니다’를 꼽고 싶습니다. 우선 윤흥길의 ‘아홉 켤레의 구두로 남은 사내’의 경우 광주대단지 사건에 대해 사실적으로 조명한 작품인데, 광주대단지 사건의 직접적인 당사자를 주인공으로 설정함으로써 독자들로 하여금 해당 사건에 관심을 갖게 만들고, 심각성을 느끼도록 했습니다. 박민규의 ‘그렇습니까, 기린입니다’의 경우 현대 대한민국의 자본주의 아래 도시 하층민의 삶을 이야기함으로써 사람들이 그들의 삶에 공감하고... (잠깐 더듬었음) 아니, 공감하게 하는 역할을 했다고 생각합니다.  여자 면접관: 좋아요. 지원자는 장래희망이 문학 비평가잖아요. 그러면 우리 대학에 와서 어떤 공부를 더 하고 싶어요? (학업계획에 대한 질문을 하고 싶으셨던 것 같은데, 장래희망 얘기를 왜 하셨는지 잘 모르겠습니다... 저는 비평가에게 필요한 자질을 학업계획과 엮어서 설명해야겠다는 생각을 했습니다.)  나: 우선 비평가에게 필요한 자질은 문학사를 파악하는 능력이라고 생각합니다. 문학사를 파악한다는 것은 곧 해당 문학이 창작된 사회적 맥락을 확인할 수 있다는 의미이므로, 비평에 있어 한국문학사에 대한 이해는 필수적이라고 할 수 있습니다. (그 외 추가적으로 설명을 했던 것 같은데 기억 안 남)  여자 면접관: (서두에서 자질 얘기만 하니까 질문을 다시 말씀해 주시려고 하셨는지 무언가 말씀하려고 하심. 그런데 말하다가 끊기가 애매해서... 거기다 이게 답변 끝이 아니라서... 더 할말 있다는 시그널을 보내니까 계속하라는 손짓 하셨음. 두괄식으로 먼저 과목에 대한 이야기를 했어야 했는데 아쉽습니다.)  나: 물론 고등학교에서도 문학사의 흐름에 대한 대략적인 공부를 하긴 했지만, 그것만으로는 부족하다고 생각했습니다. 때문에 고려대학교에 입학해서는 고전문학부터 현대문학까지 아우르는 고려대학교의 다양한 문학사 강의를 들으며 문학사에 대한 공부를 하고 싶습니다. (여기서 여자 면접관분이 끄덕끄덕 하심) 고려대학교의 양질의 강의는 제가 비평가로서 필요한 자질을 기르는 데 큰 도움이 될 것입니다.  여자 면접관: 수고하셨습니다. 이제 나가시면 돼요. <U> 나: 아, 감사합니다! (하고 잠깐 정적) 어... 이게 끝인가요? <S> <|im_end|><|im_start|>assistant
","여자 면접관: 네^^ 끝입니다. 문 열고 나가시면 돼요^^  나: (허둥지둥 일어서서 인사함) 네, 감사합니다!        보통 면접은 정해진 시간을 다 채워서 내보내는 걸로 알고 있는데 저는 정말 일찍 나왔습니다. 체감상 한 5분? 한 것 같아요... 같은 조였던 다른 애들보다도 훨씬 일찍 끝나서, 면접 보고 나오는데 복도에 저밖에 없었습니다. 제 앞 조 친구는 엄청 오래 해서 복도에서 제시문 한번 쫙 대답해보는 동안에도 안 나왔는데... 제 경우에는 아직 뒤 조 친구가 면접 유의사항도 못 들은 상태더라고요. 나오고 나서야 아 마지막으로 하고 싶은 말 해도 될까요? 이런 시도라도 했어야 했는데 하는 후회가 들었습니다. 왜 이렇게 빨리 끝냈는지 그 이유는 면접관 분들만 아시겠지만... 어쨌든 이 면접후기 보시는 후배님들 면접 잘 보시고 좋은 결과 얻으시길 기원합니다!              04    수기 및 후배들에게 하고 싶은 말    고려대학교 인재발굴처에서 올린 유튜브 영상 미리 보고 가시면 조금 더 체계적이고 목적에 맞는 답변을 하실 수 있을 거라 생각합니다. 저도 실제로 도움을 많이 받았습니다. 해당 영상에 나온 예시들이 답변을 정말 현실적으로 못하더라도(...) 견디고 보세요. 그게 우리의 모습일수도 있으니까요... 어느 정도 연습한 이후에는 자신감 회복용 영상으로도 괜찮다고 생각합니다.<|im_end|>",train
"<|im_start|>user
<U> ㅁ: 네~ 앉으세요. 오래 기다리셨죠? <S> ㄴ: ㅎㅎ 아닙니다~  ㅁ: 바로 시작할게요. 1번부터 쭉 차례대로 설명해 주세요~ <U> ㄴ: 세 질문 모두 이어서 하나요? <S> ㅁ: 넵     이 뒤에 면접관님들이 따로 시간이 얼마나 남았는지는 안 알려 주셨어요 그냥 제 감대로 했습니다... 참고로 시계 반입 금지였어요!     1번: (가)와 (나) 지문을 요약한 뒤에 (가) 입장에서 (나)를 비판했습니당 초연결시대에도 분명 장점이 있지만 그로 인해 여러 단점도 나타날 수 있다! 를 주장으로 했고 예시로는 사생활 침해의 가능성과 무생물간의 정보 창출 과정에서 인간의 직관으로 이해할 수 없는 결론이 도출될 수 있다는 것을 들었습니다! 교수님들께서 미소지으며 끄덕끄덕 해주셨어욥     2번: (다)를 먼저 요약하구, 비슷한 사례로 유전자 조작 문제를 들었어요 준비를 많이 안 하고 들어가서 최대한 교과 과정에서 배운 것 중에 공통점이 있는 걸 찾을 수밖에 없었습니다 여러분들은 꼭 여러 사례 많이 찾아보고 가세요! 저는 시민들의 반발 때문에 국가가 나서서 신기술을 규제하고, 따라서 신기술을 현실에 적용할 수 없다는 점에서 공통점을 찾았어요 그래서 이에 대한 궁극적인 해결책은 시민들의 반발 감소라고 생각했고 반발을 줄이기 위해서는 인간존엄성에 대한 인식이 바뀌면 된다고 말했습니다 따라서 사회적 담론을 활성화시켜 유전자 조작으로 탄생한 인간은 존엄성을 침해당하지 않았다는 사회적 인식이 생기면 된다고 했어요 참고로 이때 교수님들 엄청 생각하는 표정이셨고 개인적으로도 진짜 별로인 답변이라고 생각해요 하지만 당당하고 논리적인 척하면서 말하니까 들어는 주시더라구요.. ㅎㅎ     3번: (라) 표를 먼저 분석했어요 종합적인 나라 순위와 가장 상관관계가 드러나는 항목이 두 가지가 있다고 말했고 따라서 4차산업혁명에서 발전하려면 이 두 항목에서 (아마 노동유연성이랑 사회간접자본이었던 걸로 기억해여) 좋은 점수를 받아야 한다고 했습니다 그러기 위해선 두 항목을 향상시키기 위해 기업적 측면과 국가적 측면의 노력이 있을 수 있다고 하면서 각각 총 4가지 방안을 제시했어요 이 답변이 반응 가장 좋았어요 면접관님 두분 다 밝게 미소지으시며 끄덕이시더라구오 <U> ㄴ: 하하 그런가요? <S> 제가 긴장하면 말이 빨라져서 그랬나 봐요 이때부터 말 속도 신경썼습니다 <U> ㅁ: 이제 학생부 면접 들어갈게요~ 학생이 교육학과에서 가져야 할 요소 두 가지를 말해 주시겠어요? <S> ㄴ: 네! 저는 먼저 열린 마음이 가장 필요하다고 생각합니다. 교육은 학생의 마음을 이해하고 학생의 입장에서 생각해야 하는 학문이기 때문입니다. 사회가 빠르게 변화함에 따라 학생들은 더 빠르게 변화합니다. 따라서 교육학과의 학생들은 변화하는 학생들을 받아들이고 그들을 이해하기 위한 오픈 마인드를 가져야 한다고 생각합니다. 다음으로는 수학, 과학에 대한 관심입니다. 교육학과의 수업을 들으며 표를 분석하고, 실험하고 통계를 다뤄야 하는 경우가 많을 거라 생각합니다. 이때 수학을 싫어하는 학생이라면 통계를 내고 하는 과정에서 거부감을 느낄 가능성이 큽니다. 따라서 이런 능력 역시 교육학과 학생에게 중요하다고 생각합니다.     ㅁ: 그렇다면 학생은 이런 능력을 갖고 있나요? 있다면 예시를 들어 주세요.  ㄴ: (약간 뜸들임) 네! 저는 열린 마음을 갖고 있습니다. 실제로~~ (생윤 발표 때 타인의 입장을 이해했던 경험) <U> ㄴ: 어... 잠시 생각할 시간을 가져도 되겠습니까? <S> <|im_end|><|im_start|>assistant
",ㅁ: 네~ 자소서에 있는 경험도 괜찮아요<|im_end|>,train
"<|im_start|>user
<U> #1 (가)의 관점에서 (나), (다)를 설명? <S> <|im_end|><|im_start|>assistant
","(가)에서 온도라는 외부적 요인이 일정함과 부피와 압력이 반비례 관계임, 두 변인의 곱이 일정함을 볼 수 있음.  ​  (나)에서도, 경제적 발전이 도덕성을 저해하는 것처럼 반비례 관계가 나타나고, 동시대로서 평행하게 발생하는 일들로 외부적 요인도 일정함  ​  (다)에서도 순간적이고 고통을 일으키는 쾌락은 진정한 쾌락을 저해하는 것처럼 반비례 관계가 나타남.  ​  ​  #2 (나) 혹은 (다)에 관련된 사례  (나) : 현대 사회는 이전 사회보다 경제적으로 발전한 사회지만 소득 격차, 사회 불평등의 정도가 더 심하다  ​  살충제로 해충 박멸이 가능해졌으나 내성을 지닌 해충이 등장  ​  (다) : 과시적 소비는 나에게 불필요하더라도 과시하기 위해 소비하는 것으로 순간적 쾌락에 해당함  마약은 순간적 쾌락임과 동시에 고통을 가져오는 쾌락임. 모두 억제되어야 할 쾌락의 종류임  ​  #3 ㄴ과 ㄷ에 차이가 나타나는 이유와 그를 바탕으로 (가)와 (나)&(다)의 차이 설명  ​  ㄷ을 그린 사람이 일하는 사람이라고 하는데 이는 건축가 혹은 건설업자로 추론할 수 있고 ㄷ과 같이 그린 것은 직접 건설 행위를 경험했기 때문  ​  (가)는 경험하지 않아도 알 수 있는 자연 현상  (나)와 (다)는 인류가 경험하여 알게 된 인문/사회 현상  ​  ​<|im_end|>",train
"<|im_start|>user
<U> 1.제시문기반 <S> 가ㅡ소리는 북을 두드리거나 줄을 튕기거나 하면 진동이 생겨 발생. 진동이 매질을 통해 전달됨. 소리는 진동의 이동방향과 매질의 진동방향이 나란한 종파. 나ㅡ파스칼의삼각형 그림. 다ㅡ암세포는 계속 분열. 주변세포 전이시켜 종양만들고 암으로이어짐. 라ㅡ모기,파리 등 곤충들을 통해 병원체 이동. 여행, 교역 더 많아지면서 사람들 접촉 증가ㅡ더쉽게 전염 <U> 1)가~라 공통점? <S> <|im_end|><|im_start|>assistant
",전달. 가의 경우 발생한 진동이 매질을 통해 전달되어 소리가 발생하기 때문. 나의 경우 위 숫자의 값이 아래 숫자로 전달되어 더해져나가는 형태이기 때문. 다의 경우 암세포가 주변으로 전이되어 비정상적인상태가 전달되기 때문. 라의 경우 매개곤충이나 사람들간의 접촉을 통해 병원체가 전달되기 때문.<|im_end|>,train
"<|im_start|>user
<U> 1. 진로희망이 굉장히 구체적인데, 그 진로를 희망하게된 이유? <S> <|im_end|><|im_start|>assistant
","2. 자유전공학부에서의 학습계획?(수업, 동아리)<|im_end|>",train
"<|im_start|>user
<U> 질문3: 질문1에서 나의 차이점 키워드를 수학 용어로 설명하고, 라를 설명하시오. <S> <|im_end|><|im_start|>assistant
","​  (면접실 입장)  나:(문 열고) (당당하게) 안녕하세요!  교수님들: 안녕하세요 (나 자리에 앉고)/질문 순서에 맞게 차례대로 답변해주세요.  나: 질문1에 대해 답변드리도록 하겠습니다. 일단 키워드를 설명하면 공통점은 보충, 가의 차이점은 주입, 나의 차이점은 대체라고 생각했습니다. 그 이유에 대해 설명하도록 하겠습니다. 제시문 가에서 제1형 당뇨병을 해결하기 위해 부족한 인슐린을 구해 보충했고, 제시문 나에서 화석연료가 부족해 다른 물질로 보충했기에 보충이라고 생각했습니다. 가의 차이점은 기존에 부족한 물질을 새로 대체하지 않고 그대로 구해서 넣었기 때문에 주입이라고 생각했고, 나의 차이점은 기존에 부족한 물질을 새로 구하지 않고 다른 물질로 대체해서 넣었기 때문에 대체라고 생각했습니다.  질문2에 대해 답변드리도록 하겠습니다. 제가 앞서 주입과 대체라고 말씀드렸는데 인간 소외를 해결하기 위해선 주입으로 디지털 매체나 만남의 광장, 연합 대회 등 주입해서 이웃들 간의 연결고리를 강화시켜 인간 소외를 해결할 수 있을것 같고, 대체로는 인간 소외 대신 로봇 강아지나, 반려 동물 등 인간 소외를 다른 것으로 대체하여 해결할 수 있다고 생각합니다.  질문3에 대해 답변드리도록 하겠습니다. 질문1에서 나의 차이점 키워드는 대체라고 했습니다. 이를 통해 저는 수학 용어로 치환을 생각했습니다. 치환이란 로그나 지수 형태의 식을 계산 할때 예를 들면 문자 상수 t 로 치환하여 두 식의 모양을 같게 하여 계산하는 것입니다. 이를 가지고 미적분 문제를 설명하기 전에 저는 (당당하게) 미적분 보다는 기하에 더 중점을 두었습니다. 그래서 미적분에 지식이 부족하지만 추론을 해보겠습니다. 적분 구간에는 자연로그가 식에는 지수함수가 있기 때문에 둘중 하나의 형태로 치환해서 문제를 해결하면 될 것 같습니다. 이상입니다.  교수님들: 답변 잘 들었습니다. 시간이 남았는데 질문 보충할거 있으면 말씀하세요.  나: (당당하게, 자신있게) 없습니다!  교수님들: 네 수고하셨고, 안내자 분들을 따라서 퇴장하시면 되겠습니다.  나: (큰 소리로) 넵, 안녕히 계세요!  교수님들: 안녕히 가세요  (퇴실)  ​  -------------------------------------------------------------------------------------------------------------------------------------  학우형에서 28대 1의 경쟁률을 뚫고 최초합할 수 있었던 이유는 면접에서 자신감이었던 것 같습니다.  질문1에서 주입라는 키워드가 좀 어색했고, 질문2에 대해 답변을 길게 하지 않았고, 질문3에서 기하 선택자이니 미적분 몰랐는데 그냥 어쩌라는 식으로 당당하게 말했습니다.  이렇게 할 수 있었던 것은 아무래도 연습을 많이 했기 때문인 것 같습니다. 기출 문제를 시간을 재면서 직접 말해보고 피드백 들으면서 내용 보충하고, 이정도로 말하면 되겠다는 기준을 세우면서 결국 면접은 자신감이다! 라는 마인드로 했기 때문에 최초합하지 않았을까라는 생각이 들었습니다.  내년에 면접 보실 분들도 자신감있게 답변 당당하게 하면 붙으실 수 있습니다. 화이팅하세요!  ​  모든 면접 준비는 하이웨이합격연구소 에서 했습니다.<|im_end|>",train
"<|im_start|>user
<U> 1. 진로희망이 굉장히 구체적인데, 그 진로를 희망하게된 이유? <S> 2. 자유전공학부에서의 학습계획?(수업, 동아리) <U> 3. 학교생활하면서 가장 힘들었던 경험? <S> 04    수기 및 후배들에게 하고 싶은 말   -     제시문 3분 답변은 진짜 처음 봤네요.. 시간 너무너무 부족해서 결국 후반부에 잘렸어요ㅠ  학생부는 일일이 읽어보고 콕 찝어서 질문할 정도로 자세하게는 물어보기 힘들 것 같으니 기본적인 것들을 탄탄하게 준비하시면 좋을 것 같습니다! 결과와 함께 알려드리려고 이제야 올려요 ㅎㅎ 최초합했습니다!                                      면접과 논술을 보고와서 수만휘에 정성스러운 후기를 남기면  합격 가능성이 1%씩 올라간다는 훈훈한 전설이 매해 내려오고 있는 면접, 논술 게시판입니다.  남겨주시는 후기들은 다음 해 후배들에게 더할 나위없이 귀한 자료가 되어  도움을 주는 만큼  이 훈훈한 전설이 계속 이어져 내려갔으면 합니다.    이번 입시 그리고 대학생활의 행운을 빕니다!      ================================    [필독] 비매너회원과 다투지 마시고, 게시판 중 가장 첫번째에 있는 '신고게시판'에 올려주시면 강퇴처리해 드립니다. <U> 면: 그럼 학생부 문제로 넘어갈게요. 지원학과가 사회에 어떤 기여를 할 수 있다고 생각하나요? <S> <|im_end|><|im_start|>assistant
","나: 기업의 사회적 책임, 나의 진로 희망 설명<|im_end|>",train
"<|im_start|>user
<U> Q. 2번 문항에서 인공신경망에 대해 좀 더 자세히 말해볼래요? <S> A. 음.. 인공신경망이란 입력 값을 받고 이것에 가중치를 곱해서 다 더한 값이 1보다 작을 땐,.. 아 가장 간단한 예시로 단층 퍼셉트론에서는 출력값이 0또는 1이 나와야 하는데 이 합을 활성화함수를 거쳐 1보다 작으면 0으로 출력하고 그렇지 않으면 1로 출력한다는 점에서 뉴런과 유사하다고 생각했고.. 실제로도 그렇다고 생각합니다..(엄청 횡설수설함) <U> Q. 학교에서 어떤 인공신경망 공부해봤어요? 뭐 해봤어요? (이런 느낌의 질문이었는데 잘 기억안남.) <S> A. 저는 학교에서 인공지능을 통한 사용자 메시지 속 감정 분석을 하기 위해 RNN을 사용했던 적이 있습니다. RNN이란 이전의 계산값이 출력값에 영향을 미쳐 텍스트의 흐름이나 전체적인 문맥을 파악하는데 쓰이는 것입니다. (뭐라 더 했던 것 같은데 기억이 안남) <U> Q. 그럼 학생이 그 RNN을 구현할 때 무슨 역할을 하셨나요? <S> A. 아, 사실 이것이 인공지능만 구현한 것이 아니라 앱을 구현하는 프로젝트였는데요, 저는 그 중에서도 장고를 이용해 웹 서버를 구현하고 나머지 개발을 보조?하는 서브 개발자를 맡아서 친구와 함께 개발했었습니다. <U> Q. 아 그럼 장고로 웹서버 구현하고 인공신경망의 일부를 도와서 개발했다는 거죠? <S> A. 아 네! 맞습니다. <U> Q. 2학년 2학기에 수학 성적이 많이 낮은데.. 혹시 이것 때문인가요? <S> A. 네..ㅎㅎㅎ 아무래도 그게 영향을 미쳤던 것 같습니다. <U> Q. (뭐라 질문하셨는지 기억이 안남) <S> A. (무슨 답을 하다가 말이 나왔는지 모르겠는데) 아무래도 열심히 공부하고 많이 찾아보면서 구현했지만 부족한 점이 많다보니 인공지능 성능이 안 좋았던 것이 아쉽습니다. <U> Q. 혹시 성능이 왜 안좋았다고 생각하시나요? <S> A. 어... 어.. 초기 가중치 설정 값이나 배치 크기 .. 그런게..(말흐림) 물론 열심히 공부했지만 부족한 부분이 많아서 그런 것 같습니다. 그래서 같이 했던 친구들과 나중에 다시 공부해서 더욱 보완하기로 했습니다. <U> Q. 그래서 실제로 했나요?(웃으심) <S> <|im_end|><|im_start|>assistant
",A. 아!! 아니요! 대학교 와서 더 깊이 공부하고 하기로 했습니다! 보완해서 창업도 해보자고 그런 식으로 말했습니다!<|im_end|>,train
"<|im_start|>user
<U> Q. 2번 문항에서 인공신경망에 대해 좀 더 자세히 말해볼래요? <S> A. 음.. 인공신경망이란 입력 값을 받고 이것에 가중치를 곱해서 다 더한 값이 1보다 작을 땐,.. 아 가장 간단한 예시로 단층 퍼셉트론에서는 출력값이 0또는 1이 나와야 하는데 이 합을 활성화함수를 거쳐 1보다 작으면 0으로 출력하고 그렇지 않으면 1로 출력한다는 점에서 뉴런과 유사하다고 생각했고.. 실제로도 그렇다고 생각합니다..(엄청 횡설수설함) <U> Q. 학교에서 어떤 인공신경망 공부해봤어요? 뭐 해봤어요? (이런 느낌의 질문이었는데 잘 기억안남.) <S> A. 저는 학교에서 인공지능을 통한 사용자 메시지 속 감정 분석을 하기 위해 RNN을 사용했던 적이 있습니다. RNN이란 이전의 계산값이 출력값에 영향을 미쳐 텍스트의 흐름이나 전체적인 문맥을 파악하는데 쓰이는 것입니다. (뭐라 더 했던 것 같은데 기억이 안남) <U> Q. 그럼 학생이 그 RNN을 구현할 때 무슨 역할을 하셨나요? <S> A. 아, 사실 이것이 인공지능만 구현한 것이 아니라 앱을 구현하는 프로젝트였는데요, 저는 그 중에서도 장고를 이용해 웹 서버를 구현하고 나머지 개발을 보조?하는 서브 개발자를 맡아서 친구와 함께 개발했었습니다. <U> Q. 아 그럼 장고로 웹서버 구현하고 인공신경망의 일부를 도와서 개발했다는 거죠? <S> <|im_end|><|im_start|>assistant
",A. 아 네! 맞습니다.<|im_end|>,train
"<|im_start|>user
<U> 교수님1: 본인이 정말 그 자질을 가지고 있다고 생각하세요? <S> <|im_end|><|im_start|>assistant
","이 질문 들었을 때 일단 멈칫하고...네! 가지고 있는 것 같습니다. 라고 외쳤어요.    교수님2 : 네 이상입니다.    면접실 안에선 체감으로 엄청 시간이 조금 지난것같아서 이 소리 듣고 벌써 면접이 끝났나 싶었어요. 그래서 면접 벌써 끝났습니까?라고 여쭤보고 그렇다고 하셔서 안녕히계세요 감사합니다를 2,3번 말하고 나왔어요.         04    수기 및 후배들에게 하고 싶은 말     - 가지고 있어야할 마인드  1. 내 앞에 앉아있는 면접관들은 내 얘기를 들어주려 온거다.  천천히 말하던 빠르게 말하던 이분들은 끝까지 내 얘기를 들어줄것이다. 내 얘기를 들어주려 온 사람들이니까, 이야기를 잘 풀어서 전달해야한다.  2. 개소리를 해도 뻔뻔하게하자.  3. 나는 여기서 최고야. 합격할거야. 잘될거야.  이렇게 생각하면, 너무 조급해서 막 말이 꼬이고 그런게 좀 줄어들더라구요. 어차피 내가 말하는거 다 들어줄 거니까 라고 생각하니까 부담감도 줄어들었어요.    고대라고 해서 크게 떨 필요는 없는 것같아요. 맨 처음엔 떨려도 사람은 적응의 동물인지라 쉽게 긴장풀리더라구요. 저는 3시간 기다리는데, 처음 한시간은 엎드려 잤습니다ㅋㅋㅋ 일어나보니까 뒤에 있는 애들은 너무 열심히 준비해서 쪽팔렸어요... 뭐 제가 크게 면접을 잘 본건 아닌 것 같지만 말씀드리고 싶은거 말씀드릴게요.  1. 교수님이 면접 후반대라 잘 안웃어주고 피곤해하시면 면접자 본인이 활짝 웃으며 교수님을 바라봐주세요. 아이컨택은 정말 중요합니다. 면접관 2분인데 저는 무슨말을 하던간에 두분 다 왔다리갔다리 하면서 바라봤어요.  2. 되게 뻔뻔해져야해요. 사실 제 답변 읽어보시면, 얼렁뚱땅한 내용도 있어요. 내가 미리 준비했던 답변이 머릿속에서 떠오르지 않아 내 입에선 아무말 대잔치, 대환장파티가 열려요. 그래도 입에서 나오는대로 열심히 말해보는거죠. 말하면서도 스스로 어이없을 수도 있지만 그냥 정말 열성적으로 말했습니다. 질문 의도와 너무 벗어나면 안되겠지만ㅎㅎ  3. 인사는 확실하게, 생각나지 않으면 잠시 생각해보겠습니다.라고 잘 말씀드리세요. 제가 앞에서 가지고있어야할 마인드에 적었던 것처럼 면접관님들은 제 얘기를 들어주러 온 사람이에요. 제가 하고자 하는 이야기를 잘 전달해야하는거죠. 인사는 예의의 기본이기에 당연히 잘 해야하는거구요. 너무너무 대답하기 힘들어서 잠시 생각해보겠다고 말한다고 해서 안좋게 보시는건 아녜오. 이사람들은 내 대답을 기다려줘요. 내 얘기를 들으러 온 사람들이니까. 그니까 걱정말고 모르면 '모르겠다. 생각하고싶다' 거리낌없이 말 하세요.  4. 자료 준비한거 꼭 들고가세요. 저는 자기소개서, 생기부예상질문지, 교직인성면접 자료들 챙겨갔는데 결국 학생부면접질문은 예상치 못했던 거에서 나왔어요. 이처럼 자료를 본다고해서 질문의 답이 술술 나오는 것은 아니지만, 여태까지 내가 했던 활동, 내가 어떻게 살아왔는지를 살펴보면서 긴장을 덜 수 있을 거에요.    제가 면접후기를 올리는 시기는 많이 늦었지만, 저는 예비 8번 받고 고대영교 합격했어요. 내년의 영교준비하는 학생들, 힘내시고 면접장 들어올 때 가져야할 마인드 단단히 챙겨오세요. 파이팅!!                                      면접과 논술을 보고와서 수만휘에 정성스러운 후기를 남기면  합격 가능성이 1%씩 올라간다는 훈훈한 전설이 매해 내려오고 있는 면접, 논술 게시판입니다.  남겨주시는 후기들은 다음 해 후배들에게 더할 나위없이 귀한 자료가 되어  도움을 주는 만큼  이 훈훈한 전설이 계속 이어져 내려갔으면 합니다.    이번 입시 그리고 대학생활의 행운을 빕니다!      ================================    [필독] 비매너회원과 다투지 마시고, 게시판 중 가장 첫번째에 있는 '신고게시판'에 올려주시면 강퇴처리해 드립니다.<|im_end|>",train
"<|im_start|>user
<U> (2) 준비실 : 명칭이 정확한지는 잘 모르겠습니다. 고사실(면접실)로 들어가기 전 미리 지문을 보고 답안을 준비하는 시간입니다. 이 때는 모든 조가 다 모여서 한 곳에서 시험봅니다. 1조부터 끝조까지 동시에 14분이라는 시간동안 제시문을  보고 답변을 준비합니다. 물론 과가 다르니 문제도 다르겠죠? <S> <|im_end|><|im_start|>assistant
","(3) 고사실 : 두 분이 앉아계셨고 인상이 참 좋은 분들이었습니다. 친절히 설명해 주시고 편하게 이야기하는 듯 한 느낌이 들었습니다. 제시문 답변 3~4분 정도로 진행하고 서류기반 질문 받으면 됩니다.      03  시험 문제 복원 + 나의 답변     면접과 논술 시간에 있었던 이야기를 잘 적어주세요.  무엇을 물어보았는지, 그리고 그에 대한 나의 답변은 무엇인지 등을 적어주시면 됩니다.     <제시문> - 기억나는 포인트만 짚어서 씁니다.     (가) 비누는 친수성 부분과 소수성 부분으로 이루어져 있다. 물과 친한 친수성부분, 기름과 친한 소수성 부분이 각각 물과 때와 결합한다. 옷감에 있는 때에 결합하여 'OOO'을 형성한다.  (나) 아미노산은 탄소 원자를 중심에 두고 아미노기, 카복시기, 수소 또는 아세틸기(?)와 결합한 구조이다. 아미노산을 액체에 담그면 용액의 액성에 따라 다른 반응을 일으킨다. 산성 용액에 담글 경우 ~, 염기성 용액에 담글 경우 ~. 물에 담글 경우 ~.(각 용액의 액성에 따라 어떤 작용기가 어떤 화학 반응을 일으키는지에 대한 설명이 있었습니다.)  (다) 석탄, 석유와 같은 화석연료의 사용으로 산업화를 이룩할 수 있었으나 지구 온난화, 오존층 파괴, 백내장과 같은 질병 유발이라는 결과를 가져오기도 했다.  (라) 플랑크의 광양자설. E=hf로 전자의 에너지 준위는 불연속적이다.(아무튼 광양자설 얘기)     <문항>  1. 제시문 (가)~(다)에서 공통적으로 연관된 개념을 찾고, 이유를 설명하시오.  2. 1번 문항에 대한 답변을 참고하여 (가)~(다)와 (라)를 비교하시오.  3. 1번 문항에 대한 답변과 관계된 것을 사회 현상에서 찾고, 그 이유를 설명하시오.     <메모장>     처음에 (가)와 (나)를 보고 '결합'이라는 단어를 떠올렸습니다. 그리고 (라)는 기억 상 '빛의 입자성'이었고 광전효과가 입증 이론이니 광전효과를 떠올리고는 (라)를 '분리'라는 단어로 연관지으면 되지 않을까 싶었습니다. 그런데 (다) 지문이 '결합'이라는 걸로 연관 짓기에는 무리가 있었습니다. 화학반응이 일어나니까 화학 반응 속에 결합이 있을 것이다. 이런식으로 가기에는 억지였고,,, 시간은 흐르고,,, (다) 지문에서 다시 생각을 해 봤을 때 화석 연료의 사용으로 긍정적 측면과 부정적 측면이 모두 발생했다.라고 생각을 하니 자연스럽게 '양면성'이 떠올랐습니다. '양면성'이라는 단어를 가지고 (가)와 (나)를 다시 보니 (가)도 물과 기름 양 쪽을 섞이게 하는 것이고 (나)의 아미노산도 양쪽성 물질임이 떠올랐습니다. (사실 양쪽성 물질이 맞나 긴가민가 했습니다. 그래도 그냥 지르기로 했습니다.) 그에 비하면 (라)는 빛의 '이중성' 중에서 입자성만 설명하고 있으므로 (가)~(다)와는 대비됩니다.     14분 준비시간 중에 '결합과 분리'에 꽂혀서 거의 8~9분을 썼습니다. 5~6분 남겨놓고 '양면성'이라는 키워드가 생각났고, 급하게 답안 준비했습니다. 14분 주어진 시간 안에서는 1번과 3번 문항에 대한 답안을 메모해 두었고, 2번 문항은 완전히 해결하지 못한 채 고사실(면접실)로 이동했습니다. 6층에서 3층?4층?으로 내려가는 동안 계속 메모지 보면서 생각했습니다. 다행이 계단 내려가는 도중에 빛의 이중성을 떠올렸고 면접 들어가기 전에 8~9분 정도 앉아서 대기할 때 마무리했습니다. (준비시간 14분이 지나면 메모지에 작성하거나 수정하는 행위는 금지됩니다. 머릿속으로만 생각해야합니다. 대략적인 지문 키워드와 답안 키워드를 적어 왔기때문에 답안을 준비할 수 있었습니다.)     3번 문항에 대한 답변은 '통화 정책'을 생각해 두었습니다. 경제시간에 배웠었는데, 시장에 유통되는 통화량이 작을 때에 통화량을 분배(?)하는 정책을 실시할 경우, 통화량 안정이라는 긍정적 측면도 있지만, 물가 상승 즉 인플레이션 현상이 발생한다는 부정적 측면도 있습니다.     <면접>  고사실(면접실) 들어가기 전 : 이미 한 명이 대기하고 있었습니다. 수험표로 본인 확인을 하고 자리에 앉으니 잠시 후에 지원자 한 분이 고사실(면접실)에서 나왔습니다. 별로 텀 없이 다음 분이 바로 들어가고 (1분도 채 안 되었던 것 같습니다.) 저는 7분가량 대기했습니다. 생각보다 대기 시간이 많아서 답안을 다시 한 번 정리할 수 있었습니다. 앞사람 나오고 나서 거의 곧바로 들어갔습니다.     면접관 : (친절한 설명) 제시문에 대한 답변 먼저 해 주시면 됩니다. 각 문항당 1~2분씩 총 3~4분 내외로 답변해 주시면 됩니다.     면접자 : 네 그럼 1번 문항 먼저 답변 드리겠습니다. [[제시문 문항 답변 진행]]           면접관: 그럼 이제 서류기반 질문 진행하겠습니다. 대회를 굉장히 많이 참여하였는데, 그 중에서 가장 기억에 남는 대회가 있나요? (느낀점이나 배운 점을 설명하라는 뉘앙스 였습니다.)     면접자 : 저는 학술 컨퍼런스가 기억에 남습니다. 주제를 선정하여 몇개월간 연구를 진행하는 것이었습니다. 우선 생명과학과 수학의 결합이라는 것을 알게된 이후로 DNA 분자구조와 매듭이론의 관계에 대한 프로젝트를 진행하였는데, 새로운 것을 알게 되었다는 지적 희열이 가장 컸습니다. 뿐만 아니라 어려운 주제에 맞닦들여서 함께 진행한 파트너와 함께 하브루타 식으로 토론하며 어려움을 헤쳐갔던 것이 기억에 남습니다.<|im_end|>",train
"<|im_start|>user
<U> Q. 2번 문항에서 인공신경망에 대해 좀 더 자세히 말해볼래요? <S> <|im_end|><|im_start|>assistant
","A. 음.. 인공신경망이란 입력 값을 받고 이것에 가중치를 곱해서 다 더한 값이 1보다 작을 땐,.. 아 가장 간단한 예시로 단층 퍼셉트론에서는 출력값이 0또는 1이 나와야 하는데 이 합을 활성화함수를 거쳐 1보다 작으면 0으로 출력하고 그렇지 않으면 1로 출력한다는 점에서 뉴런과 유사하다고 생각했고.. 실제로도 그렇다고 생각합니다..(엄청 횡설수설함)<|im_end|>",train
"<|im_start|>user
<U> 옆 친구: 아까 받은 가번호 스티커, 너도 봉투에 붙였어? <S> 나: 나는 관리위원 분이 봉투에 붙여서 주셨어. 옷에 붙이는 건 아직 안 받았어. <U> 너 스포츠과학전공이야? 가번호 1번? <S> 옆 친구: 응.(끄덕끄덕)  이 대화에서 알 수 있는 건 ‘공공사회학전공’,‘스포츠과학전공’,‘스포츠비즈니스전공’이  모두 한 대기실에서 대기중이었음. 그리고 가번호가 주어지는데 그 가번호를 휴대폰 내는  봉투와 옷에 붙여야 함. 2개가 필요함. 세 전공마다 한 분씩 관리위원이 계셨는데  스포츠과학전공 관리위원분은 가번호가 옷에서 잘 떨어진다고 늦게 배부해주심.  관리위원마다 가번호 나눠주는 타이밍이 다르니까 불안해하지 않아도 됨.  그리고 필요한 거나 궁금한 거 있으면 다 물어보고 확인하기 바람. 괜히 무서워서  안 물어봤다가 모르는 것보다 나음. 애들 대부분 불안해서 이것저것 여쭤보는 분위기였음.  화장실은 자유롭게 왔다갔다 가능했음. 그리고 대기시간 중간에 수험생 유의사항 말씀해주심.  그때 잘 들어야 하는 것도 있으니까 연습한다고 무시하지 말고 잘 듣기. 휴대폰을 포함한  전자기기 소지 일체 안 되고, 모두 관리위원에게 제출. 대기실에서는 자신이 준비해온  종이 형태의 준비물만 보면서 연습할 수 있음. 대기실 입실마감은 9시였으나  실제 면접 시작시간은 9시 30분부터였음. 가번호 1번부터 불려가고 스포츠과학전공같은 경우  다음 번호까지 불려가서 면접장 앞에서 대기함. 나는 가번호 3번이었고, 가번호 1, 2번이었던  친구가 먼저 불려감. 한 15분 후, 9시 45분에 나랑 가번호 4번 부름.  → 면접장 앞 대기: 나랑 가번호 4번 친구는 앉아서 대기. 면접은 중간에 텀없이 한 명 나오면  바로 다음 사람 들어가는 방식이었음. 관리위원 분이 그때 면접장 앞 의자 있는 곳에 계셨는데  몇 마디 얘기 나눔. (필요 없는 대화는 빼고 중요한 대화만 썼음)  관리위원: 들어가면 ‘안녕하십니까, 가번호 몇 번, 누구누구입니다’라고 얘기하면 돼요.  나, 가번호 4번: 이름 얘기해도 돼요? 블라인드 면접이라고 알고 있었는데.  관리위원: (규정 읽어보시고 나한테 보여주시면서) 여기 면접위원에게 가번호, 성명 확인해야  한다고 나와있어요. 이름 얘기해도 돼요. (이때 다른 관리위원에게도 확인해주심)  나: 아, 알겠습니다.  (이 얘기 끝나고 몇 번 목 풀고 나니까 바로 들어오라 그랬음.)  ​  ​  3. 시험 문제 복원 + 나의 답변  → 면접: 면접은 예상했던 것과 달리 비대면으로 진행됐음. 태블릿PC가 놓여져 있었고,  면접장에서 혼자 얘기하는 방식. 관리위원 분께서 같이 들어오셔서 안내해주시고 나감.  나: 안녕하십니까, 가번호 3번, 000입니다. (나는 블라인드 면접 아니어서 이름 말한 거고,  블라인드 면접같은 경우 이름, 출신학교 등 말하면 큰 불이익 받음.)  면접위원1: 네~ 반갑습니다.  나: 네, 반갑습니다! <U> 면접위원1: 우선 2분 동안 지원동기를 포함해서 자기소개 한 번 해볼까요? <S> 나: (준비한 자기소개 함)  면접위원2: 학생 자기소개서를 보니까 일찌감치 헬스 케어 컨설턴트라는 꿈을 가진 것 같은데,  그 분야에 대해서 많은 걸 찾아봤을 것 같아요. 현재 개발되어 있는 다양한 플랫폼과 자신이 <U> 만들고 싶은 플랫폼에 차이가 있다면 어떤 걸까요? <S> 나: (현재 우리나라 플랫폼에 대해 얘기한 후 그와 차별화된 나의 비전을 말함) <U> 면접위원1: 혹시 사회적 약자를 위해서 했던 활동들이 있을까요? <S> 나: (봉사활동 중에 소외된 세계어린이를 위해 한 활동 얘기함) <U> 면접위원3: 개인의 이익과 사회의 이익 중에 어떤 것이 더 중요하다고 생각하세요? <S> 나: (고려대 이념은 ‘공선사후’기 때문에 사회의 이익이 더 중요하다고 답함) <U> 면접위원3: 그렇게 되면, 개인이 침해당하는 경우가 생기지 않을까요? <S> 나: (개인의 권리가 침해당하지 않는 선에서 사회의 이익이 중요하다고 답함)  면접위원2: 자기소개서에 보면 피클볼 경기를 진행할 때 심한 무릎 통증이 있었던 것 같은데, <U> 여기 쓰여져 있는 방법 외에 또 시도해보았던 것이 있나요? <S> 나: (가벼운 풋워크 언급하면서 그 당시 시도했던 다양한 방법에 대해 말함) <U> 면접위원1: 현재 하고 있는 운동이 있나요? <S> 나: (피클볼이라는 운동을 꾸준히 하고 있다고 답함) <U> 면접위원1: 네, 그러면 마지막으로 할 말 하고 끝낼까요? <S> <|im_end|><|im_start|>assistant
","나: (마지막으로 준비한 말 함)  면접위원: 네~ 수고하셨습니다.  나: 네, 감사합니다!  ​  4. 기타  (생각나는 대로 줄글로 적겠음. 그래도 다 중요한 내용이니 꼭 읽어보길 바람.)  우선 미래인재전형같은 경우 입학처 홈페이지에 미래인재전형 전용 안내서와 합격사례가  있음. 가장 중요한 정보이니 ★꼭★ 읽어봐야 함. 미래인재전형의 방향과 이념, 선배들의  후기를 통해 질문을 예상해볼 수 있고, ‘수만휘’같은 카페 통해서도 자신에게 해당하는  학과의 면접 후기를 찾아볼 수 있음.  미래인재전형같은 경우 기존의 흐름에 속해 있는 학생이 아닌, 새로운 흐름을 주도할 수 있는  학생을 찾고 있음. 계속 그런 마인드셋을 스스로 해야 하고, 선구자의 면모를 보여주어야 함.  미래인재전형같은 경우 자소서 기반 면접이라고 안내서에 명시되어 있고, 후기마다 자소서만  물어본다느니, 자소서:생기부를 7:3 정도로 준비해야 한다느니 말이 많은데 가장 최근에 면접  준비하고 겪어본 사람으로서 8:2가 가장 좋다고 생각함. 나같은 경우 생기부에서 하나도 안  물어봄. 그래도 생기부의 대략적인 내용은 어느 정도 준비하기 바람. ‘사회적 약자’질문같은  경우 준비는 안 해갔는데 생기부 공부해놔서 대답할 수 있었음.  고려대학교의 ‘공선사후’이념 꼭 확인해야 됨. 나도 면접 후기 찾아보면서 이런 질문도  물어보는구나 하고 알게 되어서 준비해갔던 질문이고, 실제로 물어보기도 함.  대면인지 비대면인지는 명시가 안 되어있어서 나도 들어가기 직전에 알았음. 두 방식 모두  대비할 것. 면접위원 중 여성분이 한 분 계셨는데 그 분 목소리가 잘 안 들려서 나는 좀 더 가까  이 다가가서 들었음. 면접위원 분들 입장에서는 부담스러우실 수 있었겠지만 그렇게라도 들어  야지 뭐...  나같은 경우 면접장 들어가기 전에 관리위원 분이랑 이런저런 얘기하려고 노력했는데 그 이유  는 그게 훨씬 긴장도 풀리고 목소리도 가다듬을 수 있음. 면접장 들어가기 전에 아, 아, 하면  서 목소리 체크하는 것도 도움된다고 생각함.  면접 보고 나와서 관리위원 분이 합격할 것 같냐, 캠퍼스에서 봤으면 좋겠다 등등 좋은 얘기  많이 해주셨는데(사실 잘 못 들음) 나도 합격하면 꼭 찾아가겠다고 함. 근데 다른 애들한테는  그렇게 길게 얘기 안 하시고 그냥 바로 집으로 보내서 약간 행복회로 돌리는 중임.  여튼 스포츠과학전공 미래인재전형 면접 후기가 없어서 좀 애먹었는데 내 후기가 후배들한테  많은 도움이 되면 좋겠음. 다같이 합격해서 캠퍼스에서 봅시다! 좀만 더 힘내자고!<|im_end|>",train
"<|im_start|>user
<U> 1.제시문기반 <S> <|im_end|><|im_start|>assistant
","가ㅡ소리는 북을 두드리거나 줄을 튕기거나 하면 진동이 생겨 발생. 진동이 매질을 통해 전달됨. 소리는 진동의 이동방향과 매질의 진동방향이 나란한 종파. 나ㅡ파스칼의삼각형 그림. 다ㅡ암세포는 계속 분열. 주변세포 전이시켜 종양만들고 암으로이어짐. 라ㅡ모기,파리 등 곤충들을 통해 병원체 이동. 여행, 교역 더 많아지면서 사람들 접촉 증가ㅡ더쉽게 전염<|im_end|>",train
